user_id,date,hr_avg,hr_resting_est,hr_peak,hr_minutes_recorded,minutes_hr_above_100
2022484408,2016-04-12,75.8,58.0,120.0,718,65
2022484408,2016-04-13,80.3,59.0,133.0,756,86
2022484408,2016-04-14,72.6,55.0,110.0,770,22
2022484408,2016-04-15,80.4,61.0,143.0,710,58
2022484408,2016-04-17,83.9,63.0,155.0,703,86
2022484408,2016-04-18,82.7,62.0,147.0,781,90
2022484408,2016-04-19,82.0,61.0,155.0,637,67
2022484408,2016-04-20,83.4,63.0,146.6,856,123
2022484408,2016-04-21,86.4,58.0,182.1,788,182
2022484408,2016-04-22,80.1,59.0,138.0,829,84
2022484408,2016-04-23,71.8,56.0,100.0,609,5
2022484408,2016-04-24,82.4,63.0,158.0,627,66
2022484408,2016-04-26,83.3,58.0,145.0,790,124
2022484408,2016-04-27,80.9,59.0,122.0,623,65
2022484408,2016-04-28,71.3,58.0,102.0,764,9
2022484408,2016-04-29,83.4,58.0,126.0,687,102
2022484408,2016-04-30,77.5,61.0,107.0,764,20
2022484408,2016-05-01,73.5,50.0,111.0,700,63
2022484408,2016-05-02,77.2,55.0,116.0,747,69
2022484408,2016-05-03,83.0,60.0,141.0,797,106
2022484408,2016-05-04,82.8,64.0,127.0,784,98
2022484408,2016-05-05,80.7,64.0,144.0,718,70
2022484408,2016-05-06,81.7,65.0,111.0,756,58
2022484408,2016-05-09,81.5,63.0,122.0,834,91
2022484408,2016-05-10,86.6,65.0,154.0,666,87
2347167796,2016-04-12,86.1,65.0,140.0,999,171
2347167796,2016-04-13,73.8,61.0,128.0,1424,46
2347167796,2016-04-14,72.6,61.0,104.0,1407,17
2347167796,2016-04-15,75.7,61.0,111.0,1363,64
2347167796,2016-04-16,96.6,67.0,156.0,774,149
2347167796,2016-04-17,75.4,63.0,104.0,1397,10
2347167796,2016-04-18,71.2,59.0,122.0,1437,38
2347167796,2016-04-19,81.3,59.0,121.0,1242,241
2347167796,2016-04-20,78.2,60.0,129.4,1014,67
2347167796,2016-04-21,73.4,60.0,131.0,1428,45
2347167796,2016-04-22,72.0,60.0,119.3,1428,19
2347167796,2016-04-23,83.4,58.0,149.0,1333,156
2347167796,2016-04-24,77.6,60.0,112.0,1347,62
2347167796,2016-04-25,73.9,59.0,119.7,1431,39
2347167796,2016-04-26,71.7,59.0,100.0,1400,8
2347167796,2016-04-27,75.2,58.0,125.0,1304,58
2347167796,2016-04-28,73.4,63.0,105.0,1364,14
4020332650,2016-04-12,83.5,59.0,116.0,1356,154
4020332650,2016-05-03,77.9,61.0,107.0,1361,53
4020332650,2016-05-04,83.5,59.0,118.0,1412,199
4020332650,2016-05-05,85.6,60.0,114.0,822,126
4020332650,2016-05-06,75.6,57.0,101.0,991,10
4020332650,2016-05-07,89.1,80.0,106.0,655,25
4020332650,2016-05-08,78.0,58.0,108.0,1318,53
4020332650,2016-05-10,72.6,53.0,122.0,1129,38
4388161847,2016-04-14,68.4,54.0,114.0,1138,40
4388161847,2016-04-15,67.5,50.0,109.0,1423,29
4388161847,2016-04-16,75.5,62.0,108.0,1429,28
4388161847,2016-04-17,66.4,55.0,93.0,1368,5
4388161847,2016-04-18,81.5,58.0,170.0,1027,47
4388161847,2016-04-19,65.5,51.0,111.0,1432,32
4388161847,2016-04-20,65.4,52.0,107.0,1438,17
4388161847,2016-04-21,63.1,48.0,106.0,1241,20
4388161847,2016-04-22,73.3,58.0,131.0,1071,61
4388161847,2016-04-23,67.1,51.0,148.0,1432,55
4388161847,2016-04-24,62.1,51.0,97.0,1351,8
4388161847,2016-04-25,67.5,52.0,108.0,1134,25
4388161847,2016-04-26,62.5,51.0,101.0,1437,8
4388161847,2016-04-27,62.1,47.0,103.0,1431,13
4388161847,2016-04-28,62.3,46.0,107.1,1205,16
4388161847,2016-04-29,66.1,54.0,110.1,1132,11
4388161847,2016-04-30,64.2,51.0,103.0,1440,14
4388161847,2016-05-01,60.0,45.0,92.0,1421,0
4388161847,2016-05-02,66.4,49.0,157.0,1289,42
4388161847,2016-05-03,66.6,53.0,111.0,1135,26
4388161847,2016-05-04,61.9,47.0,107.0,1435,23
4388161847,2016-05-05,61.0,48.0,106.0,1210,13
4388161847,2016-05-06,69.1,54.0,135.0,1223,32
4388161847,2016-05-07,66.6,47.0,118.0,1440,51
4388161847,2016-05-08,76.8,47.0,166.0,1284,105
4388161847,2016-05-09,64.1,51.0,105.0,1131,14
4388161847,2016-05-10,61.2,45.0,104.0,1434,13
4388161847,2016-05-11,60.0,45.0,99.0,1243,5
4558609924,2016-04-12,76.6,65.0,95.3,873,1
4558609924,2016-04-14,81.6,65.0,101.0,790,4
4558609924,2016-04-15,90.9,68.0,130.0,905,77
4558609924,2016-04-16,76.3,62.0,105.2,1004,9
4558609924,2016-04-17,83.2,68.0,107.0,858,19
4558609924,2016-04-18,80.5,63.0,105.0,894,21
4558609924,2016-04-19,83.1,70.0,109.0,632,10
4558609924,2016-04-20,76.9,63.0,99.0,742,5
4558609924,2016-04-21,85.7,62.0,115.0,1100,124
4558609924,2016-04-22,82.6,65.0,111.0,907,55
4558609924,2016-04-23,85.9,68.0,116.0,902,75
4558609924,2016-04-24,84.0,69.0,107.0,911,26
4558609924,2016-04-25,82.5,63.0,144.0,975,60
4558609924,2016-04-26,91.3,70.0,134.0,957,126
4558609924,2016-04-27,84.6,68.0,110.0,807,21
4558609924,2016-04-28,85.6,67.0,123.0,1033,49
4558609924,2016-04-29,80.6,59.0,129.0,906,35
4558609924,2016-04-30,79.2,60.0,114.0,1119,26
4558609924,2016-05-01,70.8,57.0,95.0,789,1
4558609924,2016-05-02,78.7,62.0,99.0,919,2
4558609924,2016-05-03,82.5,56.0,138.0,923,39
4558609924,2016-05-04,76.8,64.0,99.0,809,7
4558609924,2016-05-05,81.9,59.0,109.0,951,45
4558609924,2016-05-06,71.9,57.0,94.0,803,1
4558609924,2016-05-07,76.2,60.0,107.0,783,30
4558609924,2016-05-09,79.4,62.0,103.0,985,15
4558609924,2016-05-10,75.8,57.0,132.0,857,15
4558609924,2016-05-11,74.9,59.0,108.0,955,22
5553957443,2016-04-12,64.4,56.0,96.0,1383,1
5553957443,2016-04-13,61.5,52.0,80.0,1402,0
5553957443,2016-04-14,72.6,56.0,128.0,1438,37
5553957443,2016-04-15,69.0,55.0,117.0,1440,28
5553957443,2016-04-16,66.0,57.0,84.0,1361,0
5553957443,2016-04-18,65.4,56.0,84.0,1440,0
5553957443,2016-04-19,74.9,56.0,125.0,1376,49
5553957443,2016-04-20,60.0,52.0,77.0,1420,0
5553957443,2016-04-21,71.3,53.0,122.0,1366,34
5553957443,2016-04-22,70.4,56.0,123.0,1340,29
5553957443,2016-04-23,67.1,58.0,85.0,1440,0
5553957443,2016-04-24,64.0,57.0,80.0,1381,0
5553957443,2016-04-25,72.0,57.0,124.0,1416,38
5553957443,2016-04-26,73.0,58.0,123.0,1290,34
5553957443,2016-04-27,65.1,56.0,93.0,1440,1
5553957443,2016-04-28,71.1,55.0,136.0,1388,41
5553957443,2016-04-29,73.1,56.0,121.0,1440,54
5553957443,2016-04-30,65.8,59.0,80.0,1440,0
5553957443,2016-05-01,66.5,55.0,87.0,1287,0
5553957443,2016-05-02,72.6,57.0,121.0,1437,46
5553957443,2016-05-03,70.0,56.0,128.0,1414,40
5553957443,2016-05-04,61.7,53.0,80.4,1434,0
5553957443,2016-05-05,69.4,55.0,122.0,1417,44
5553957443,2016-05-06,63.2,56.0,96.0,1135,0
5553957443,2016-05-08,65.6,57.0,93.0,1440,1
5553957443,2016-05-09,76.7,57.0,145.0,1405,70
5553957443,2016-05-10,76.8,59.0,126.0,1440,72
5553957443,2016-05-11,65.4,59.0,91.0,1386,0
5577150313,2016-04-12,65.7,48.0,133.0,1440,93
5577150313,2016-04-13,59.7,49.0,114.0,690,22
5577150313,2016-04-14,76.8,49.0,150.0,1418,148
5577150313,2016-04-15,73.7,49.0,134.0,1359,138
5577150313,2016-04-16,69.8,45.0,125.0,1440,198
5577150313,2016-04-17,71.1,43.0,154.5,1410,235
5577150313,2016-04-18,68.6,47.0,123.0,1410,124
5577150313,2016-04-19,70.5,53.0,134.0,1396,77
5577150313,2016-04-20,69.2,50.0,123.0,1066,86
5577150313,2016-04-21,72.3,49.0,128.0,1438,148
5577150313,2016-04-22,64.6,47.0,119.0,1353,74
5577150313,2016-04-23,65.1,49.0,117.0,1395,64
5577150313,2016-04-24,72.3,49.0,124.0,1340,226
5577150313,2016-04-25,67.5,48.0,116.2,1440,97
5577150313,2016-04-26,65.4,47.0,112.4,1439,77
5577150313,2016-04-27,66.4,48.0,120.0,1440,90
5577150313,2016-04-28,70.7,49.0,144.4,1290,121
5577150313,2016-04-29,66.3,47.0,122.0,1396,126
5577150313,2016-04-30,71.6,48.0,124.0,1440,249
5577150313,2016-05-01,73.7,52.0,121.0,1419,239
5577150313,2016-05-02,64.6,46.0,120.0,696,54
5577150313,2016-05-03,70.0,48.0,129.0,1419,134
5577150313,2016-05-04,62.2,47.0,114.0,1396,40
5577150313,2016-05-05,72.2,55.0,125.0,772,67
5577150313,2016-05-09,68.0,54.0,117.3,723,42
5577150313,2016-05-10,75.3,49.0,124.0,1429,148
6117666160,2016-04-15,97.9,79.0,120.0,721,297
6117666160,2016-04-16,87.0,66.0,118.0,1440,158
6117666160,2016-04-17,85.4,68.0,113.0,951,76
6117666160,2016-04-18,82.9,69.0,110.0,641,31
6117666160,2016-04-19,83.5,58.0,115.0,1440,196
6117666160,2016-04-20,85.5,60.0,168.0,1437,119
6117666160,2016-04-21,79.4,59.0,126.9,1169,76
6117666160,2016-04-22,81.7,61.0,108.0,1420,70
6117666160,2016-04-23,81.8,61.0,110.0,1440,59
6117666160,2016-04-24,84.2,67.0,111.0,850,73
6117666160,2016-04-26,90.6,72.0,117.0,963,174
6117666160,2016-04-27,83.1,60.0,114.0,1419,196
6117666160,2016-04-28,80.1,61.0,111.0,1346,44
6117666160,2016-04-29,82.2,62.0,113.0,1435,114
6117666160,2016-04-30,85.3,67.0,114.0,864,57
6117666160,2016-05-01,77.4,64.0,106.0,828,25
6117666160,2016-05-05,84.7,59.0,112.0,1440,194
6117666160,2016-05-06,76.6,62.0,105.0,603,7
6117666160,2016-05-07,83.9,63.0,114.0,1437,192
6117666160,2016-05-08,81.1,62.0,109.0,1440,58
6775888955,2016-04-13,82.7,62.5,120.3,720,87
6775888955,2016-04-14,79.3,64.0,121.0,987,109
6775888955,2016-04-20,105.6,84.0,132.0,636,411
6962181067,2016-04-12,85.0,65.0,136.0,1310,87
6962181067,2016-04-13,80.5,69.0,114.0,1367,54
6962181067,2016-04-14,70.1,63.0,96.0,1418,6
6962181067,2016-04-15,73.0,59.0,107.0,1415,33
6962181067,2016-04-16,82.0,61.0,126.0,1425,92
6962181067,2016-04-17,76.7,61.0,115.0,1318,49
6962181067,2016-04-18,76.9,59.0,115.0,1246,81
6962181067,2016-04-19,77.4,61.0,120.0,1426,122
6962181067,2016-04-20,74.9,59.0,123.0,1417,75
6962181067,2016-04-21,83.5,59.0,164.0,1351,106
6962181067,2016-04-22,79.1,60.0,160.0,1360,71
6962181067,2016-04-23,84.6,58.0,136.0,1377,143
6962181067,2016-04-24,68.8,56.0,98.0,1403,3
6962181067,2016-04-25,74.0,56.0,121.0,1429,72
6962181067,2016-04-26,77.1,56.0,128.0,1308,53
6962181067,2016-04-27,73.0,58.0,112.0,1356,45
6962181067,2016-04-28,82.1,59.0,160.7,1268,68
6962181067,2016-04-29,81.0,62.0,128.0,1378,128
6962181067,2016-04-30,80.2,60.0,133.0,1237,63
6962181067,2016-05-01,73.3,61.0,103.0,1348,13
6962181067,2016-05-02,79.7,63.0,128.0,1431,72
6962181067,2016-05-03,75.4,61.0,125.0,1392,47
6962181067,2016-05-04,79.5,60.0,154.0,1365,57
6962181067,2016-05-05,76.6,61.0,115.0,1249,70
6962181067,2016-05-06,72.3,59.0,102.0,1440,19
6962181067,2016-05-07,77.0,62.0,102.0,1343,16
6962181067,2016-05-08,75.0,62.0,108.0,1237,33
6962181067,2016-05-09,77.0,63.0,120.0,1431,105
6962181067,2016-05-10,83.3,62.0,153.0,1344,136
6962181067,2016-05-11,79.3,61.0,138.0,1384,53
7007744171,2016-04-12,96.4,81.0,124.0,804,245
7007744171,2016-04-13,93.0,77.0,134.0,898,180
7007744171,2016-04-14,92.3,74.0,123.0,919,223
7007744171,2016-04-15,84.8,71.0,115.0,663,48
7007744171,2016-04-16,80.0,67.0,112.0,893,39
7007744171,2016-04-17,86.0,70.0,112.0,825,97
7007744171,2016-04-18,93.2,77.0,124.0,948,198
7007744171,2016-04-19,94.4,76.0,125.0,865,214
7007744171,2016-04-20,96.8,80.0,143.0,872,237
7007744171,2016-04-21,92.2,74.0,120.0,896,213
7007744171,2016-04-22,93.9,71.0,131.8,877,240
7007744171,2016-04-25,94.6,75.0,125.0,874,287
7007744171,2016-04-26,90.7,74.0,134.0,1012,191
7007744171,2016-04-27,95.2,78.0,124.0,844,257
7007744171,2016-04-28,89.5,66.0,129.0,891,222
7007744171,2016-04-29,93.9,76.0,133.0,928,245
7007744171,2016-04-30,80.3,67.0,111.8,862,63
7007744171,2016-05-01,85.0,65.0,118.0,741,100
7007744171,2016-05-02,86.1,66.0,128.0,894,145
7007744171,2016-05-03,93.4,75.0,127.0,913,258
7007744171,2016-05-05,97.9,82.0,123.0,705,264
7007744171,2016-05-06,87.2,69.0,146.2,876,130
8792009665,2016-04-12,68.9,55.0,108.0,1282,19
8792009665,2016-04-13,68.5,54.0,99.0,1325,5
8792009665,2016-04-14,69.1,54.0,106.0,1250,20
8792009665,2016-04-15,66.9,57.0,96.0,656,2
8792009665,2016-04-20,69.6,53.0,107.0,1295,25
8792009665,2016-04-22,70.3,55.0,111.0,1379,57
8792009665,2016-04-23,77.8,59.0,115.0,1408,111
8792009665,2016-04-26,69.8,59.0,98.0,845,5
8792009665,2016-04-27,68.8,53.0,109.0,1383,25
8792009665,2016-04-28,76.7,53.0,118.0,1427,100
8792009665,2016-04-29,80.9,59.0,116.0,1312,139
8792009665,2016-04-30,81.5,62.0,119.0,1417,94
8792009665,2016-05-01,67.8,55.0,100.0,1419,7
8792009665,2016-05-02,67.4,54.0,105.0,1406,15
8792009665,2016-05-03,74.4,55.0,109.0,1405,37
8792009665,2016-05-04,75.0,63.0,107.0,640,9
8877689391,2016-04-12,86.5,54.0,158.0,954,94
8877689391,2016-04-13,84.7,56.0,152.0,926,114
8877689391,2016-04-14,85.3,56.0,167.0,974,69
8877689391,2016-04-15,91.9,60.0,154.0,1017,114
8877689391,2016-04-16,92.1,65.0,169.0,996,88
8877689391,2016-04-17,87.9,57.0,157.0,824,79
8877689391,2016-04-18,66.0,53.0,114.0,876,18
8877689391,2016-04-19,86.6,55.0,173.0,941,99
8877689391,2016-04-20,85.5,56.0,170.0,926,80
8877689391,2016-04-21,87.1,59.0,166.0,939,88
8877689391,2016-04-22,82.8,56.0,154.0,958,70
8877689391,2016-04-23,93.9,61.0,152.0,891,110
8877689391,2016-04-24,87.3,60.0,169.0,851,70
8877689391,2016-04-25,89.8,55.0,157.9,952,124
8877689391,2016-04-26,67.6,55.0,110.0,964,15
8877689391,2016-04-27,84.8,54.0,158.0,936,99
8877689391,2016-04-28,66.8,53.0,121.0,932,41
8877689391,2016-04-29,64.5,53.0,114.0,981,18
8877689391,2016-04-30,102.2,57.0,167.0,859,128
8877689391,2016-05-01,70.7,57.0,113.2,772,32
8877689391,2016-05-03,67.5,56.0,114.0,951,25
8877689391,2016-05-04,88.4,62.0,163.0,870,66
8877689391,2016-05-05,72.9,59.0,116.0,876,42
8877689391,2016-05-06,92.8,58.0,164.0,913,142
8877689391,2016-05-07,101.0,66.0,160.0,829,120
8877689391,2016-05-08,72.6,60.0,112.0,846,19
8877689391,2016-05-09,89.6,59.0,173.0,918,87
8877689391,2016-05-10,71.5,58.0,112.0,873,34
8877689391,2016-05-11,89.1,56.0,173.0,929,100
