user_id,session_id,start,end,minutes_in_bed,minutes_asleep,restless_minutes,awake_minutes,wake_date,session_type,capped_session
1503960366,11380564589,2016-04-12 02:47:00,2016-04-12 08:32:00,346,327,13,6,2016-04-12,main_sleep,False
1503960366,11388770715,2016-04-13 03:08:00,2016-04-13 08:20:00,313,290,11,12,2016-04-13,main_sleep,False
1503960366,11388770716,2016-04-13 20:10:00,2016-04-13 21:43:00,94,94,0,0,2016-04-13,nap,False
1503960366,11402722600,2016-04-15 02:59:00,2016-04-15 10:20:00,442,412,22,8,2016-04-15,main_sleep,False
1503960366,11421831252,2016-04-16 02:11:00,2016-04-16 06:59:00,289,270,16,3,2016-04-16,main_sleep,False
1503960366,11421831253,2016-04-16 07:02:00,2016-04-16 08:19:00,78,70,3,5,2016-04-16,night_piece,False
1503960366,11421831254,2016-04-16 23:27:00,2016-04-17 11:18:00,712,700,12,0,2016-04-17,main_sleep,False
1503960366,11439580762,2016-04-19 02:06:00,2016-04-19 07:25:00,320,304,16,0,2016-04-19,main_sleep,False
1503960366,11447640793,2016-04-20 02:01:00,2016-04-20 08:17:00,377,360,14,3,2016-04-20,main_sleep,False
1503960366,11455720858,2016-04-21 02:32:00,2016-04-21 08:35:00,364,325,36,3,2016-04-21,main_sleep,False
1503960366,11467122444,2016-04-23 02:23:00,2016-04-23 08:46:00,384,361,22,1,2016-04-23,main_sleep,False
1503960366,11474187653,2016-04-24 01:57:00,2016-04-24 09:25:00,449,430,19,0,2016-04-24,main_sleep,False
1503960366,11486980511,2016-04-25 02:56:00,2016-04-25 08:18:00,323,277,40,6,2016-04-25,main_sleep,False
1503960366,11493711616,2016-04-26 03:59:00,2016-04-26 08:32:00,274,245,26,3,2016-04-26,main_sleep,False
1503960366,11510040462,2016-04-28 02:02:00,2016-04-28 08:34:00,393,366,26,1,2016-04-28,main_sleep,False
1503960366,11517735116,2016-04-29 02:21:00,2016-04-29 08:14:00,354,341,13,0,2016-04-29,main_sleep,False
1503960366,11522188936,2016-04-30 01:50:00,2016-04-30 08:54:00,425,404,20,1,2016-04-30,main_sleep,False
1503960366,11531996212,2016-05-01 02:02:00,2016-05-01 08:37:00,396,369,22,5,2016-05-01,main_sleep,False
1503960366,11540663911,2016-05-02 03:15:00,2016-05-02 08:23:00,309,277,26,6,2016-05-02,main_sleep,False
1503960366,11548039064,2016-05-03 03:39:00,2016-05-03 08:34:00,296,273,20,3,2016-05-03,main_sleep,False
1503960366,11562571546,2016-05-05 04:16:00,2016-05-05 08:39:00,264,247,16,1,2016-05-05,main_sleep,False
1503960366,11569709241,2016-05-06 02:25:00,2016-05-06 08:31:00,367,334,31,2,2016-05-06,main_sleep,False
1503960366,11576325621,2016-05-07 02:41:00,2016-05-07 08:29:00,349,331,16,2,2016-05-07,main_sleep,False
1503960366,11582776423,2016-05-08 01:32:00,2016-05-08 11:42:00,611,594,16,1,2016-05-08,main_sleep,False
1503960366,11591926984,2016-05-09 00:35:00,2016-05-09 06:16:00,342,338,4,0,2016-05-09,main_sleep,False
1503960366,11611033063,2016-05-10 01:36:00,2016-05-10 08:18:00,403,383,19,1,2016-05-10,main_sleep,False
1503960366,11611033064,2016-05-11 03:08:00,2016-05-11 08:13:00,306,285,21,0,2016-05-11,main_sleep,False
1644430081,11523617009,2016-04-29 18:33:00,2016-04-29 20:39:00,127,119,8,0,2016-04-29,main_sleep,False
1644430081,11524592517,2016-04-30 14:54:00,2016-04-30 17:15:00,142,124,15,3,2016-04-30,main_sleep,False
1644430081,11548609830,2016-05-01 18:01:00,2016-05-02 10:01:00,961,796,36,129,2016-05-02,main_sleep,True
1644430081,11608693255,2016-05-08 18:12:00,2016-05-08 20:45:00,154,137,14,3,2016-05-08,main_sleep,False
1844505072,11403372987,2016-04-14 20:16:00,2016-04-15 12:16:00,961,644,229,88,2016-04-15,main_sleep,True
1844505072,11523519346,2016-04-29 22:09:00,2016-04-30 14:09:00,961,722,141,98,2016-04-30,main_sleep,True
1844505072,11530537917,2016-04-30 20:52:00,2016-05-01 12:52:00,961,590,254,117,2016-05-01,main_sleep,True
1927972279,11372414035,2016-04-11 21:56:00,2016-04-12 06:08:00,493,483,10,0,2016-04-12,main_sleep,False
1927972279,11374768075,2016-04-12 06:27:00,2016-04-12 08:35:00,129,123,6,0,2016-04-12,night_piece,False
1927972279,11376465497,2016-04-12 11:40:00,2016-04-12 14:12:00,153,144,8,1,2016-04-12,nap,False
1927972279,11384336437,2016-04-13 02:23:00,2016-04-13 09:24:00,422,398,17,7,2016-04-13,main_sleep,False
1927972279,11398575572,2016-04-14 23:09:00,2016-04-15 03:56:00,288,271,17,0,2016-04-15,main_sleep,False
1927972279,11401641693,2016-04-15 05:31:00,2016-04-15 09:01:00,211,204,7,0,2016-04-15,night_piece,False
1927972279,11492104450,2016-04-25 21:55:00,2016-04-26 03:09:00,315,296,19,0,2016-04-26,main_sleep,False
1927972279,11507403943,2016-04-28 11:42:00,2016-04-28 14:39:00,178,166,12,0,2016-04-28,main_sleep,False
2026352035,11372566564,2016-04-11 20:48:00,2016-04-12 05:53:00,546,503,42,1,2016-04-12,main_sleep,False
2026352035,11382294591,2016-04-12 20:52:00,2016-04-13 06:16:00,565,531,29,5,2016-04-13,main_sleep,False
2026352035,11391168707,2016-04-13 21:18:00,2016-04-14 06:45:00,568,545,19,4,2016-04-14,main_sleep,False
2026352035,11399886313,2016-04-14 20:56:00,2016-04-15 06:28:00,573,523,41,9,2016-04-15,main_sleep,False
2026352035,11407818391,2016-04-15 21:04:00,2016-04-16 06:30:00,567,524,39,4,2016-04-16,main_sleep,False
2026352035,11415575687,2016-04-16 21:09:00,2016-04-17 05:26:00,498,437,57,4,2016-04-17,main_sleep,False
2026352035,11432703842,2016-04-18 20:44:00,2016-04-19 05:43:00,540,498,37,5,2016-04-19,main_sleep,False
2026352035,11441438237,2016-04-19 21:10:00,2016-04-20 05:39:00,510,461,46,3,2016-04-20,main_sleep,False
2026352035,11450431030,2016-04-20 21:30:00,2016-04-21 06:03:00,514,477,37,0,2016-04-21,main_sleep,False
2026352035,11459456610,2016-04-21 21:06:00,2016-04-22 06:10:00,545,520,25,0,2016-04-22,main_sleep,False
2026352035,11464357502,2016-04-22 20:45:00,2016-04-23 05:58:00,554,522,26,6,2016-04-23,main_sleep,False
2026352035,11473013379,2016-04-23 20:49:00,2016-04-24 06:39:00,591,555,32,4,2016-04-24,main_sleep,False
2026352035,11479531689,2016-04-24 21:08:00,2016-04-25 05:58:00,531,506,20,5,2016-04-25,main_sleep,False
2026352035,11496429833,2016-04-26 21:46:00,2016-04-27 06:50:00,545,508,36,1,2016-04-27,main_sleep,False
2026352035,11504172158,2016-04-27 21:23:00,2016-04-28 06:27:00,545,513,28,4,2016-04-28,main_sleep,False
2026352035,11512494969,2016-04-28 22:25:00,2016-04-29 06:54:00,510,490,16,4,2016-04-29,main_sleep,False
2026352035,11519761551,2016-04-29 20:59:00,2016-04-30 07:05:00,607,573,29,5,2016-04-30,main_sleep,False
2026352035,11526325029,2016-04-30 20:53:00,2016-05-01 05:58:00,546,527,15,4,2016-05-01,main_sleep,False
2026352035,11534045885,2016-05-01 21:06:00,2016-05-02 06:08:00,543,511,28,4,2016-05-02,main_sleep,False
2026352035,11550023964,2016-05-03 21:25:00,2016-05-04 06:44:00,560,538,21,1,2016-05-04,main_sleep,False
2026352035,11556705027,2016-05-04 21:21:00,2016-05-05 05:25:00,485,468,17,0,2016-05-05,main_sleep,False
2026352035,11564567481,2016-05-05 21:20:00,2016-05-06 06:27:00,548,524,23,1,2016-05-06,main_sleep,False
2026352035,11571001413,2016-05-06 21:22:00,2016-05-07 06:02:00,521,511,9,1,2016-05-07,main_sleep,False
2026352035,11578350038,2016-05-07 20:58:00,2016-05-08 06:25:00,568,541,24,3,2016-05-08,main_sleep,False
2026352035,11586309934,2016-05-08 20:54:00,2016-05-09 06:09:00,556,531,23,2,2016-05-09,main_sleep,False
2026352035,11602073203,2016-05-09 21:54:00,2016-05-10 04:13:00,380,357,19,4,2016-05-10,main_sleep,False
2026352035,11605330115,2016-05-10 21:13:00,2016-05-11 06:25:00,553,523,28,2,2016-05-11,main_sleep,False
2026352035,11613084210,2016-05-11 21:25:00,2016-05-12 05:29:00,485,456,25,4,2016-05-12,main_sleep,False
2320127002,11469474452,2016-04-23 20:10:00,2016-04-23 21:18:00,69,61,4,4,2016-04-23,main_sleep,False
2347167796,11385457746,2016-04-12 22:05:00,2016-04-13 06:55:00,531,467,60,4,2016-04-13,main_sleep,False
2347167796,11390804844,2016-04-13 22:18:00,2016-04-14 06:26:00,489,445,41,3,2016-04-14,main_sleep,False
2347167796,11404834335,2016-04-14 22:27:00,2016-04-15 06:50:00,504,452,49,3,2016-04-15,main_sleep,False
2347167796,11416786187,2016-04-16 22:54:00,2016-04-17 08:55:00,602,556,43,3,2016-04-17,main_sleep,False
2347167796,11425486430,2016-04-17 21:41:00,2016-04-18 06:57:00,557,500,51,6,2016-04-18,main_sleep,False
2347167796,11438439209,2016-04-18 22:09:00,2016-04-19 06:42:00,514,465,44,5,2016-04-19,main_sleep,False
2347167796,11449590252,2016-04-20 22:14:00,2016-04-21 06:17:00,484,460,24,0,2016-04-21,main_sleep,False
2347167796,11460699660,2016-04-21 23:16:00,2016-04-22 06:56:00,461,405,49,7,2016-04-22,main_sleep,False
2347167796,11468101354,2016-04-23 00:20:00,2016-04-23 06:45:00,386,374,12,0,2016-04-23,main_sleep,False
2347167796,11473106301,2016-04-23 23:24:00,2016-04-24 07:02:00,459,442,17,0,2016-04-24,main_sleep,False
2347167796,11485704111,2016-04-24 22:47:00,2016-04-25 06:37:00,471,433,35,3,2016-04-25,main_sleep,False
2347167796,11496194770,2016-04-25 22:34:00,2016-04-26 06:43:00,490,436,52,2,2016-04-26,main_sleep,False
2347167796,11496194771,2016-04-26 22:44:00,2016-04-27 07:02:00,499,448,48,3,2016-04-27,main_sleep,False
2347167796,11508327337,2016-04-27 22:56:00,2016-04-28 06:25:00,450,408,38,4,2016-04-28,main_sleep,False
2347167796,11511973625,2016-04-28 22:59:00,2016-04-29 06:51:00,473,411,59,3,2016-04-29,main_sleep,False
3977333714,11376097379,2016-04-12 00:35:00,2016-04-12 08:23:00,469,274,182,13,2016-04-12,main_sleep,False
3977333714,11383276204,2016-04-13 00:45:00,2016-04-13 07:19:00,395,265,124,6,2016-04-13,main_sleep,False
3977333714,11389080820,2016-04-13 20:21:00,2016-04-13 21:21:00,61,30,31,0,2016-04-13,nap,False
3977333714,11393928506,2016-04-14 01:35:00,2016-04-14 08:11:00,397,291,101,5,2016-04-14,main_sleep,False
3977333714,11402582711,2016-04-15 02:05:00,2016-04-15 11:20:00,556,424,130,2,2016-04-15,main_sleep,False
3977333714,11411726685,2016-04-16 00:10:00,2016-04-16 08:39:00,510,283,227,0,2016-04-16,main_sleep,False
3977333714,11419539457,2016-04-17 00:21:00,2016-04-17 09:46:00,566,381,181,4,2016-04-17,main_sleep,False
3977333714,11429723762,2016-04-18 01:04:00,2016-04-18 08:30:00,447,347,98,2,2016-04-18,main_sleep,False
3977333714,11429723763,2016-04-18 15:20:00,2016-04-18 16:34:00,75,65,9,1,2016-04-18,nap,False
3977333714,11434580717,2016-04-19 01:58:00,2016-04-19 08:32:00,395,219,172,4,2016-04-19,main_sleep,False
3977333714,11443226218,2016-04-20 04:52:00,2016-04-20 08:56:00,245,119,119,7,2016-04-20,main_sleep,False
3977333714,11446881699,2016-04-20 12:15:00,2016-04-20 13:14:00,60,33,27,0,2016-04-20,nap,False
3977333714,11469011466,2016-04-20 23:34:00,2016-04-21 08:05:00,512,332,176,4,2016-04-21,main_sleep,False
3977333714,11469011467,2016-04-22 01:43:00,2016-04-22 09:38:00,476,355,120,1,2016-04-22,main_sleep,False
3977333714,11469011468,2016-04-23 01:24:00,2016-04-23 07:35:00,372,235,136,1,2016-04-23,main_sleep,False
3977333714,11472659114,2016-04-24 00:28:00,2016-04-24 09:13:00,526,310,214,2,2016-04-24,main_sleep,False
3977333714,11485514676,2016-04-25 01:15:00,2016-04-25 09:01:00,467,262,201,4,2016-04-25,main_sleep,False
3977333714,11498178822,2016-04-26 03:06:00,2016-04-26 09:16:00,371,250,119,2,2016-04-26,main_sleep,False
3977333714,11498330023,2016-04-27 00:39:00,2016-04-27 09:38:00,540,349,186,5,2016-04-27,main_sleep,False
3977333714,11514103969,2016-04-28 02:41:00,2016-04-28 09:43:00,423,261,155,7,2016-04-28,main_sleep,False
3977333714,11514103970,2016-04-29 00:27:00,2016-04-29 08:24:00,478,333,145,0,2016-04-29,main_sleep,False
3977333714,11519611316,2016-04-30 00:20:00,2016-04-30 06:41:00,382,237,144,1,2016-04-30,main_sleep,False
3977333714,11527687449,2016-04-30 22:38:00,2016-05-01 09:03:00,626,383,234,9,2016-05-01,main_sleep,False
3977333714,11534635322,2016-05-02 00:52:00,2016-05-02 07:15:00,384,230,146,8,2016-05-02,main_sleep,False
3977333714,11547934264,2016-05-03 00:52:00,2016-05-03 09:11:00,500,292,200,8,2016-05-03,main_sleep,False
3977333714,11552949524,2016-05-04 02:36:00,2016-05-04 08:11:00,336,213,120,3,2016-05-04,main_sleep,False
3977333714,11576380691,2016-05-05 00:51:00,2016-05-05 08:50:00,480,318,160,2,2016-05-05,main_sleep,False
3977333714,11576380692,2016-05-06 00:39:00,2016-05-06 09:10:00,512,323,183,6,2016-05-06,main_sleep,False
3977333714,11576380694,2016-05-07 01:07:00,2016-05-07 08:29:00,443,237,205,1,2016-05-07,main_sleep,False
3977333714,11583910495,2016-05-08 02:10:00,2016-05-08 08:44:00,395,250,145,0,2016-05-08,main_sleep,False
3977333714,11583910496,2016-05-08 14:03:00,2016-05-08 15:03:00,61,9,52,0,2016-05-08,nap,False
3977333714,11597457268,2016-05-10 00:46:00,2016-05-10 08:17:00,452,312,135,5,2016-05-10,main_sleep,False
4020332650,11375838887,2016-04-11 21:17:00,2016-04-12 06:17:00,541,501,33,7,2016-04-12,main_sleep,False
4020332650,11409992504,2016-04-16 01:31:00,2016-04-16 02:47:00,77,77,0,0,2016-04-16,main_sleep,False
4020332650,11543765897,2016-05-02 23:12:00,2016-05-03 04:43:00,332,322,5,5,2016-05-03,main_sleep,False
4020332650,11552754875,2016-05-03 23:28:00,2016-05-04 08:23:00,536,478,27,31,2016-05-04,main_sleep,False
4020332650,11557855778,2016-05-05 00:36:00,2016-05-05 04:43:00,248,226,18,4,2016-05-05,main_sleep,False
4020332650,11592141407,2016-05-06 00:27:00,2016-05-06 07:14:00,408,385,17,6,2016-05-06,main_sleep,False
4020332650,11592141408,2016-05-08 00:37:00,2016-05-08 07:18:00,402,364,20,18,2016-05-08,main_sleep,False
4020332650,11595616677,2016-05-09 23:26:00,2016-05-10 07:39:00,494,442,34,18,2016-05-10,main_sleep,False
4319703577,11439308634,2016-04-13 22:33:00,2016-04-14 07:49:00,557,535,21,1,2016-04-14,main_sleep,False
4319703577,11439308635,2016-04-14 23:28:00,2016-04-15 07:38:00,491,465,24,2,2016-04-15,main_sleep,False
4319703577,11439308636,2016-04-16 00:10:00,2016-04-16 08:51:00,522,506,15,1,2016-04-16,main_sleep,False
4319703577,11439308637,2016-04-17 22:46:00,2016-04-18 07:56:00,551,515,27,9,2016-04-18,main_sleep,False
4319703577,11439308639,2016-04-18 22:49:00,2016-04-19 03:27:00,279,251,22,6,2016-04-19,main_sleep,False
4319703577,11439308640,2016-04-19 03:37:00,2016-04-19 07:15:00,219,210,7,2,2016-04-19,night_piece,False
4319703577,11447734147,2016-04-19 22:22:00,2016-04-20 07:24:00,543,523,10,10,2016-04-20,main_sleep,False
4319703577,11501142212,2016-04-21 16:33:00,2016-04-21 17:37:00,65,59,4,2,2016-04-21,main_sleep,False
4319703577,11501142214,2016-04-21 22:44:00,2016-04-22 07:53:00,550,533,16,1,2016-04-22,main_sleep,False
4319703577,11501142216,2016-04-22 22:59:00,2016-04-23 11:00:00,722,692,26,4,2016-04-23,main_sleep,False
4319703577,11501142219,2016-04-24 00:09:00,2016-04-24 08:29:00,501,467,29,5,2016-04-24,main_sleep,False
4319703577,11501142221,2016-04-24 23:10:00,2016-04-25 07:35:00,506,488,17,1,2016-04-25,main_sleep,False
4319703577,11501142223,2016-04-25 23:18:00,2016-04-26 07:53:00,516,505,10,1,2016-04-26,main_sleep,False
4319703577,11501142225,2016-04-27 02:29:00,2016-04-27 07:35:00,307,286,21,0,2016-04-27,main_sleep,False
4319703577,11512958234,2016-04-27 22:20:00,2016-04-28 07:01:00,522,497,17,8,2016-04-28,main_sleep,False
4319703577,11512958235,2016-04-28 22:34:00,2016-04-29 07:39:00,546,523,19,4,2016-04-29,main_sleep,False
4319703577,11523726410,2016-04-29 23:18:00,2016-04-30 07:53:00,516,490,22,4,2016-04-30,main_sleep,False
4319703577,11550579238,2016-04-30 23:29:00,2016-05-01 07:48:00,500,484,13,3,2016-05-01,main_sleep,False
4319703577,11550579239,2016-05-01 22:52:00,2016-05-02 07:17:00,506,478,25,3,2016-05-02,main_sleep,False
4319703577,11550579240,2016-05-02 22:58:00,2016-05-03 07:29:00,512,474,37,1,2016-05-03,main_sleep,False
4319703577,11575271293,2016-05-05 22:26:00,2016-05-06 06:36:00,491,450,35,6,2016-05-06,main_sleep,False
4319703577,11575271294,2016-05-06 23:40:00,2016-05-07 08:29:00,530,507,20,3,2016-05-07,main_sleep,False
4319703577,11611314890,2016-05-07 23:26:00,2016-05-08 10:03:00,638,602,34,2,2016-05-08,main_sleep,False
4319703577,11611314891,2016-05-08 22:41:00,2016-05-09 08:05:00,565,535,28,2,2016-05-09,main_sleep,False
4319703577,11611314892,2016-05-09 22:47:00,2016-05-10 07:23:00,517,487,27,3,2016-05-10,main_sleep,False
4319703577,11611314893,2016-05-10 22:23:00,2016-05-11 07:40:00,558,529,29,0,2016-05-11,main_sleep,False
4319703577,11612541628,2016-05-11 22:47:00,2016-05-12 04:07:00,321,302,18,1,2016-05-12,main_sleep,False
4388161847,11438827487,2016-04-14 20:09:00,2016-04-15 04:54:00,526,499,17,10,2016-04-15,main_sleep,False
4388161847,11438827488,2016-04-15 23:51:00,2016-04-16 06:18:00,388,373,13,2,2016-04-16,main_sleep,False
4388161847,11438827489,2016-04-16 15:36:00,2016-04-16 16:35:00,60,53,6,1,2016-04-16,nap,False
4388161847,11438827490,2016-04-16 21:56:00,2016-04-17 06:20:00,505,486,18,1,2016-04-17,main_sleep,False
4388161847,11438827491,2016-04-17 13:24:00,2016-04-17 15:39:00,136,133,2,1,2016-04-17,nap,False
4388161847,11438827492,2016-04-18 20:59:00,2016-04-18 22:42:00,104,99,1,4,2016-04-18,main_sleep,False
4388161847,11438827493,2016-04-18 23:15:00,2016-04-19 04:52:00,338,329,9,0,2016-04-19,main_sleep,False
4388161847,11441459537,2016-04-19 21:22:00,2016-04-20 04:52:00,451,421,26,4,2016-04-20,main_sleep,False
4388161847,11450335126,2016-04-20 21:18:00,2016-04-21 04:55:00,458,442,16,0,2016-04-21,main_sleep,False
4388161847,11462400108,2016-04-22 15:54:00,2016-04-22 17:18:00,85,82,2,1,2016-04-22,main_sleep,False
4388161847,11465910790,2016-04-22 22:32:00,2016-04-23 06:52:00,501,478,20,3,2016-04-23,main_sleep,False
4388161847,11476527082,2016-04-24 00:18:00,2016-04-24 06:12:00,355,328,27,0,2016-04-24,main_sleep,False
4388161847,11476527083,2016-04-24 08:36:00,2016-04-24 10:37:00,122,112,8,2,2016-04-24,nap,False
4388161847,11476527084,2016-04-24 16:02:00,2016-04-24 17:59:00,118,112,1,5,2016-04-24,nap,False
4388161847,11488358688,2016-04-25 23:17:00,2016-04-26 05:02:00,346,319,27,0,2016-04-26,main_sleep,False
4388161847,11494606419,2016-04-26 20:37:00,2016-04-27 04:56:00,500,461,37,2,2016-04-27,main_sleep,False
4388161847,11502756809,2016-04-27 21:22:00,2016-04-28 04:59:00,458,428,26,4,2016-04-28,main_sleep,False
4388161847,11518651229,2016-04-30 00:16:00,2016-04-30 05:54:00,339,319,20,0,2016-04-30,main_sleep,False
4388161847,11524120151,2016-04-30 14:15:00,2016-04-30 15:45:00,91,91,0,0,2016-04-30,nap,False
4388161847,11528636846,2016-04-30 22:04:00,2016-05-01 08:00:00,597,547,42,8,2016-05-01,main_sleep,False
4388161847,11565366899,2016-05-01 22:08:00,2016-05-02 00:16:00,129,122,2,5,2016-05-02,night_piece,False
4388161847,11565366900,2016-05-02 01:38:00,2016-05-02 05:44:00,247,246,1,0,2016-05-02,main_sleep,False
4388161847,11565366901,2016-05-03 22:06:00,2016-05-04 04:59:00,414,390,21,3,2016-05-04,main_sleep,False
4388161847,11565366902,2016-05-04 20:39:00,2016-05-05 04:53:00,495,471,18,6,2016-05-05,main_sleep,False
4388161847,11572868794,2016-05-07 00:03:00,2016-05-07 08:18:00,496,472,24,0,2016-05-07,main_sleep,False
4388161847,11580213577,2016-05-08 01:01:00,2016-05-08 08:06:00,426,423,3,0,2016-05-08,main_sleep,False
4388161847,11582178123,2016-05-08 10:46:00,2016-05-08 12:40:00,115,106,7,2,2016-05-08,nap,False
4388161847,11594333381,2016-05-09 20:13:00,2016-05-09 21:17:00,65,62,1,2,2016-05-09,main_sleep,False
4388161847,11595075442,2016-05-09 22:48:00,2016-05-10 05:02:00,375,360,15,0,2016-05-10,main_sleep,False
4388161847,11603580199,2016-05-10 20:45:00,2016-05-11 04:58:00,494,474,17,3,2016-05-11,main_sleep,False
4445114986,11374744422,2016-04-12 01:44:00,2016-04-12 07:15:00,332,308,18,6,2016-04-12,main_sleep,False
4445114986,11375953477,2016-04-12 09:10:00,2016-04-12 11:14:00,125,121,4,0,2016-04-12,night_piece,False
4445114986,11383698423,2016-04-13 01:47:00,2016-04-13 07:11:00,325,293,25,7,2016-04-13,main_sleep,False
4445114986,11385332302,2016-04-13 09:32:00,2016-04-13 10:52:00,81,77,4,0,2016-04-13,nap,False
4445114986,11394064504,2016-04-14 03:05:00,2016-04-14 11:16:00,492,441,48,3,2016-04-14,main_sleep,False
4445114986,11398452309,2016-04-15 00:35:00,2016-04-15 01:44:00,70,61,6,3,2016-04-15,night_piece,False
4445114986,11402134657,2016-04-15 02:06:00,2016-04-15 07:14:00,309,276,25,8,2016-04-15,main_sleep,False
4445114986,11410367670,2016-04-16 01:36:00,2016-04-16 09:54:00,499,462,29,8,2016-04-16,main_sleep,False
4445114986,11418467379,2016-04-17 02:24:00,2016-04-17 04:10:00,107,98,6,3,2016-04-17,main_sleep,False
4445114986,11433617055,2016-04-19 01:43:00,2016-04-19 06:25:00,283,264,14,5,2016-04-19,main_sleep,False
4445114986,11436130885,2016-04-19 08:53:00,2016-04-19 11:13:00,141,124,15,2,2016-04-19,nap,False
4445114986,11477307087,2016-04-20 02:57:00,2016-04-20 10:38:00,462,439,20,3,2016-04-20,main_sleep,False
4445114986,11477307088,2016-04-21 03:11:00,2016-04-21 10:59:00,469,436,28,5,2016-04-21,main_sleep,False
4445114986,11477307089,2016-04-22 03:17:00,2016-04-22 10:13:00,417,388,21,8,2016-04-22,main_sleep,False
4445114986,11479862706,2016-04-25 01:52:00,2016-04-25 07:36:00,345,329,9,7,2016-04-25,main_sleep,False
4445114986,11490421616,2016-04-26 02:17:00,2016-04-26 07:13:00,297,268,23,6,2016-04-26,main_sleep,False
4445114986,11491484570,2016-04-26 08:39:00,2016-04-26 10:12:00,94,85,9,0,2016-04-26,night_piece,False
4445114986,11498820000,2016-04-27 03:48:00,2016-04-27 10:01:00,374,332,37,5,2016-04-27,main_sleep,False
4445114986,11506979487,2016-04-28 04:05:00,2016-04-28 11:26:00,442,419,17,6,2016-04-28,main_sleep,False
4445114986,11513834376,2016-04-29 02:55:00,2016-04-29 04:42:00,108,106,2,0,2016-04-29,main_sleep,False
4445114986,11521467406,2016-04-30 02:11:00,2016-04-30 08:03:00,353,322,25,6,2016-04-30,main_sleep,False
4445114986,11527350194,2016-05-01 02:18:00,2016-05-01 07:24:00,307,300,5,2,2016-05-01,main_sleep,False
4445114986,11529296216,2016-05-01 08:28:00,2016-05-01 10:59:00,152,139,10,3,2016-05-01,night_piece,False
4445114986,11533384148,2016-05-02 02:12:00,2016-05-02 11:13:00,542,503,34,5,2016-05-02,main_sleep,False
4445114986,11544307514,2016-05-03 01:39:00,2016-05-03 07:03:00,325,303,22,0,2016-05-03,main_sleep,False
4445114986,11545629569,2016-05-03 09:07:00,2016-05-03 11:11:00,125,114,9,2,2016-05-03,nap,False
4445114986,11550884317,2016-05-04 03:19:00,2016-05-04 05:54:00,156,141,8,7,2016-05-04,nap,False
4445114986,11552807174,2016-05-04 08:02:00,2016-05-04 11:28:00,207,196,10,1,2016-05-04,main_sleep,False
4445114986,11558506197,2016-05-05 01:24:00,2016-05-05 07:08:00,345,312,25,8,2016-05-05,main_sleep,False
4445114986,11560045925,2016-05-05 08:37:00,2016-05-05 11:24:00,168,150,17,1,2016-05-05,night_piece,False
4445114986,11567082662,2016-05-06 02:18:00,2016-05-06 07:08:00,291,274,13,4,2016-05-06,main_sleep,False
4445114986,11567979417,2016-05-06 09:10:00,2016-05-06 11:00:00,111,100,10,1,2016-05-06,nap,False
4445114986,11572172742,2016-05-07 02:52:00,2016-05-07 07:16:00,265,240,15,10,2016-05-07,main_sleep,False
4445114986,11575932652,2016-05-07 14:17:00,2016-05-07 17:07:00,171,161,9,1,2016-05-07,nap,False
4445114986,11580968626,2016-05-08 02:34:00,2016-05-08 09:04:00,391,361,26,4,2016-05-08,main_sleep,False
4445114986,11589147442,2016-05-09 00:51:00,2016-05-09 09:43:00,533,457,60,16,2016-05-09,main_sleep,False
4445114986,11598021567,2016-05-10 02:57:00,2016-05-10 10:02:00,426,405,14,7,2016-05-10,main_sleep,False
4445114986,11604805541,2016-05-11 01:23:00,2016-05-11 10:12:00,530,501,25,4,2016-05-11,main_sleep,False
4445114986,11616251768,2016-05-12 01:36:00,2016-05-12 09:56:00,501,483,13,5,2016-05-12,main_sleep,False
4558609924,11450944156,2016-04-21 00:06:00,2016-04-21 02:22:00,137,126,6,5,2016-04-21,main_sleep,False
4558609924,11490035288,2016-04-25 22:41:00,2016-04-26 00:41:00,121,103,15,3,2016-04-26,main_sleep,False
4558609924,11513595087,2016-04-28 22:44:00,2016-04-29 01:42:00,179,171,7,1,2016-04-29,main_sleep,False
4558609924,11539521793,2016-05-01 20:32:00,2016-05-01 22:40:00,129,115,10,4,2016-05-01,main_sleep,False
4558609924,11580819425,2016-05-07 23:08:00,2016-05-08 01:21:00,134,123,11,0,2016-05-08,main_sleep,False
4702921684,11379793908,2016-04-11 23:09:00,2016-04-12 06:27:00,439,425,14,0,2016-04-12,main_sleep,False
4702921684,11384442649,2016-04-12 22:50:00,2016-04-13 02:21:00,212,200,12,0,2016-04-13,night_piece,False
4702921684,11384442650,2016-04-13 02:32:00,2016-04-13 06:09:00,218,200,15,3,2016-04-13,main_sleep,False
4702921684,11392839696,2016-04-13 23:15:00,2016-04-14 06:09:00,415,384,31,0,2016-04-14,main_sleep,False
4702921684,11405470314,2016-04-14 23:34:00,2016-04-15 03:50:00,257,253,4,0,2016-04-15,main_sleep,False
4702921684,11408721562,2016-04-16 00:07:00,2016-04-16 04:38:00,272,260,12,0,2016-04-16,main_sleep,False
4702921684,11410487775,2016-04-16 04:59:00,2016-04-16 07:12:00,134,122,10,2,2016-04-16,night_piece,False
4702921684,11418702820,2016-04-16 22:04:00,2016-04-17 08:15:00,612,591,21,0,2016-04-17,main_sleep,False
4702921684,11426605512,2016-04-17 21:53:00,2016-04-18 03:04:00,312,293,16,3,2016-04-18,main_sleep,False
4702921684,11435468783,2016-04-18 21:58:00,2016-04-19 06:04:00,487,457,30,0,2016-04-19,main_sleep,False
4702921684,11443572207,2016-04-19 21:59:00,2016-04-20 05:46:00,468,454,14,0,2016-04-20,main_sleep,False
4702921684,11451457511,2016-04-20 22:36:00,2016-04-21 05:49:00,434,425,9,0,2016-04-21,main_sleep,False
4702921684,11466575652,2016-04-22 23:33:00,2016-04-23 07:27:00,475,465,10,0,2016-04-23,main_sleep,False
4702921684,11473673513,2016-04-23 23:21:00,2016-04-24 07:46:00,506,480,26,0,2016-04-24,main_sleep,False
4702921684,11486893536,2016-04-24 23:20:00,2016-04-25 05:39:00,380,370,10,0,2016-04-25,main_sleep,False
4702921684,11494006047,2016-04-25 22:41:00,2016-04-26 05:49:00,429,421,7,1,2016-04-26,main_sleep,False
4702921684,11494907989,2016-04-26 22:20:00,2016-04-27 05:48:00,449,434,14,1,2016-04-27,main_sleep,False
4702921684,11517465389,2016-04-27 22:17:00,2016-04-28 05:57:00,461,442,18,1,2016-04-28,main_sleep,False
4702921684,11517465390,2016-04-28 22:31:00,2016-04-29 05:57:00,447,433,14,0,2016-04-29,main_sleep,False
4702921684,11521472854,2016-04-29 22:28:00,2016-04-30 06:48:00,501,479,22,0,2016-04-30,main_sleep,False
4702921684,11543748793,2016-05-02 22:51:00,2016-05-03 05:03:00,373,327,40,6,2016-05-03,main_sleep,False
4702921684,11554093366,2016-05-03 22:26:00,2016-05-04 05:39:00,434,412,20,2,2016-05-04,main_sleep,False
4702921684,11562534134,2016-05-04 22:48:00,2016-05-05 05:55:00,428,414,11,3,2016-05-05,main_sleep,False
4702921684,11566566371,2016-05-05 22:35:00,2016-05-06 06:03:00,449,404,39,6,2016-05-06,main_sleep,False
4702921684,11573168523,2016-05-06 21:10:00,2016-05-07 06:12:00,543,520,21,2,2016-05-07,main_sleep,False
4702921684,11588643054,2016-05-08 22:25:00,2016-05-09 06:02:00,458,435,22,1,2016-05-09,main_sleep,False
4702921684,11598134524,2016-05-09 22:54:00,2016-05-10 06:04:00,431,416,15,0,2016-05-10,main_sleep,False
4702921684,11606986410,2016-05-10 22:46:00,2016-05-11 04:51:00,366,354,8,4,2016-05-11,main_sleep,False
4702921684,11615068469,2016-05-11 22:42:00,2016-05-12 06:03:00,442,404,36,2,2016-05-12,main_sleep,False
5553957443,11372227280,2016-04-11 22:20:00,2016-04-12 06:03:00,464,441,20,3,2016-04-12,main_sleep,False
5553957443,11393617328,2016-04-13 00:19:00,2016-04-13 07:22:00,424,397,23,4,2016-04-13,main_sleep,False
5553957443,11393617329,2016-04-13 12:33:00,2016-04-13 13:36:00,64,58,5,1,2016-04-13,nap,False
5553957443,11393617330,2016-04-13 22:41:00,2016-04-14 05:38:00,418,357,58,3,2016-04-14,main_sleep,False
5553957443,11402087310,2016-04-14 23:11:00,2016-04-15 05:59:00,409,377,29,3,2016-04-15,main_sleep,False
5553957443,11427859713,2016-04-15 23:05:00,2016-04-16 09:19:00,615,583,31,1,2016-04-16,main_sleep,False
5553957443,11427859714,2016-04-16 11:17:00,2016-04-16 12:27:00,71,68,3,0,2016-04-16,night_piece,False
5553957443,11427859715,2016-04-17 02:19:00,2016-04-17 09:00:00,402,350,51,1,2016-04-17,main_sleep,False
5553957443,11427859716,2016-04-17 23:11:00,2016-04-18 06:40:00,450,433,17,0,2016-04-18,main_sleep,False
5553957443,11436643042,2016-04-18 13:25:00,2016-04-18 14:55:00,91,87,2,2,2016-04-18,nap,False
5553957443,11436643044,2016-04-18 22:00:00,2016-04-19 04:49:00,410,357,45,8,2016-04-19,main_sleep,False
5553957443,11454606896,2016-04-19 23:12:00,2016-04-20 10:29:00,678,658,16,4,2016-04-20,main_sleep,False
5553957443,11454606897,2016-04-20 22:56:00,2016-04-21 06:06:00,431,399,27,5,2016-04-21,main_sleep,False
5553957443,11458247463,2016-04-21 23:55:00,2016-04-22 05:47:00,353,322,30,1,2016-04-22,main_sleep,False
5553957443,11481403120,2016-04-23 00:39:00,2016-04-23 10:51:00,613,534,70,9,2016-04-23,main_sleep,False
5553957443,11481403121,2016-04-23 13:23:00,2016-04-23 15:14:00,112,97,10,5,2016-04-23,nap,False
5553957443,11481403122,2016-04-24 00:45:00,2016-04-24 10:12:00,568,484,76,8,2016-04-24,main_sleep,False
5553957443,11481403123,2016-04-24 14:56:00,2016-04-24 16:07:00,72,69,3,0,2016-04-24,nap,False
5553957443,11481403124,2016-04-24 22:06:00,2016-04-25 05:53:00,468,433,33,2,2016-04-25,main_sleep,False
5553957443,11489047768,2016-04-25 22:29:00,2016-04-26 06:01:00,453,412,40,1,2016-04-26,main_sleep,False
5553957443,11496635316,2016-04-26 23:28:00,2016-04-27 05:58:00,391,347,42,2,2016-04-27,main_sleep,False
5553957443,11506295004,2016-04-27 22:23:00,2016-04-28 05:59:00,457,421,36,0,2016-04-28,main_sleep,False
5553957443,11512318711,2016-04-28 21:55:00,2016-04-29 06:09:00,495,450,39,6,2016-04-29,main_sleep,False
5553957443,11534854776,2016-04-29 23:31:00,2016-04-30 11:34:00,724,666,49,9,2016-04-30,main_sleep,False
5553957443,11534854777,2016-04-30 15:40:00,2016-04-30 17:38:00,119,109,8,2,2016-04-30,nap,False
5553957443,11534854778,2016-04-30 23:24:00,2016-05-01 09:36:00,613,553,48,12,2016-05-01,main_sleep,False
5553957443,11534854779,2016-05-01 16:11:00,2016-05-01 17:23:00,73,69,1,3,2016-05-01,nap,False
5553957443,11534854780,2016-05-01 22:03:00,2016-05-02 05:53:00,471,409,48,14,2016-05-02,main_sleep,False
5553957443,11562080784,2016-05-02 22:17:00,2016-05-03 05:25:00,429,380,46,3,2016-05-03,main_sleep,False
5553957443,11562080785,2016-05-04 00:30:00,2016-05-04 08:19:00,470,447,20,3,2016-05-04,main_sleep,False
5553957443,11562080786,2016-05-04 22:25:00,2016-05-05 06:08:00,464,419,39,6,2016-05-05,main_sleep,False
5553957443,11568062398,2016-05-05 22:55:00,2016-05-06 06:08:00,434,400,28,6,2016-05-06,main_sleep,False
5553957443,11586139608,2016-05-06 23:09:00,2016-05-07 06:58:00,470,442,27,1,2016-05-07,main_sleep,False
5553957443,11586139609,2016-05-07 23:37:00,2016-05-08 09:44:00,608,568,34,6,2016-05-08,main_sleep,False
5553957443,11586139610,2016-05-08 21:51:00,2016-05-09 06:04:00,494,453,31,10,2016-05-09,main_sleep,False
5553957443,11610084415,2016-05-09 22:44:00,2016-05-10 06:06:00,443,418,17,8,2016-05-10,main_sleep,False
5553957443,11610084416,2016-05-11 00:20:00,2016-05-11 08:25:00,486,463,22,1,2016-05-11,main_sleep,False
5553957443,11613774989,2016-05-11 21:49:00,2016-05-12 05:43:00,475,438,34,3,2016-05-12,main_sleep,False
5577150313,11376928526,2016-04-11 22:41:00,2016-04-12 05:58:00,438,419,17,2,2016-04-12,main_sleep,False
5577150313,11386029591,2016-04-12 22:09:00,2016-04-13 05:46:00,458,432,23,3,2016-04-13,main_sleep,False
5577150313,11403402175,2016-04-13 21:33:00,2016-04-14 05:49:00,497,477,15,5,2016-04-14,main_sleep,False
5577150313,11403402176,2016-04-14 22:16:00,2016-04-15 05:08:00,413,392,18,3,2016-04-15,main_sleep,False
5577150313,11454678553,2016-04-15 22:53:00,2016-04-16 06:17:00,445,406,19,20,2016-04-16,main_sleep,False
5577150313,11454678554,2016-04-16 20:48:00,2016-04-17 06:30:00,583,549,30,4,2016-04-17,main_sleep,False
5577150313,11454678555,2016-04-17 21:52:00,2016-04-18 07:04:00,553,527,23,3,2016-04-18,main_sleep,False
5577150313,11454678556,2016-04-18 22:04:00,2016-04-19 05:48:00,465,449,16,0,2016-04-19,main_sleep,False
5577150313,11454678557,2016-04-19 22:04:00,2016-04-20 06:03:00,480,447,30,3,2016-04-20,main_sleep,False
5577150313,11454678558,2016-04-20 22:33:00,2016-04-21 05:49:00,437,414,20,3,2016-04-21,main_sleep,False
5577150313,11460146661,2016-04-21 23:00:00,2016-04-22 05:05:00,366,338,17,11,2016-04-22,main_sleep,False
5577150313,11501330825,2016-04-22 23:41:00,2016-04-23 06:22:00,402,384,16,2,2016-04-23,main_sleep,False
5577150313,11501330826,2016-04-23 21:21:00,2016-04-24 07:35:00,615,543,56,16,2016-04-24,main_sleep,False
5577150313,11501330827,2016-04-24 21:38:00,2016-04-25 05:18:00,461,421,37,3,2016-04-25,main_sleep,False
5577150313,11501330828,2016-04-25 22:55:00,2016-04-26 05:11:00,377,354,21,2,2016-04-26,main_sleep,False
5577150313,11501330829,2016-04-26 22:02:00,2016-04-27 05:33:00,452,424,27,1,2016-04-27,main_sleep,False
5577150313,11506820877,2016-04-27 22:56:00,2016-04-28 05:07:00,372,361,11,0,2016-04-28,main_sleep,False
5577150313,11516051366,2016-04-28 21:31:00,2016-04-29 05:35:00,485,459,23,3,2016-04-29,main_sleep,False
5577150313,11538556119,2016-04-29 22:53:00,2016-04-30 06:05:00,433,412,19,2,2016-04-30,main_sleep,False
5577150313,11538556120,2016-04-30 23:22:00,2016-05-01 05:59:00,398,379,18,1,2016-05-01,main_sleep,False
5577150313,11538556121,2016-05-01 21:43:00,2016-05-02 05:10:00,448,431,13,4,2016-05-02,main_sleep,False
5577150313,11560009515,2016-05-02 21:29:00,2016-05-02 23:13:00,105,94,6,5,2016-05-02,nap,False
5577150313,11560009516,2016-05-03 12:25:00,2016-05-03 21:27:00,543,508,34,1,2016-05-03,main_sleep,False
5577150313,11560009517,2016-05-04 10:30:00,2016-05-04 21:03:00,634,603,27,4,2016-05-04,main_sleep,False
5577150313,11568340140,2016-05-05 13:02:00,2016-05-05 14:19:00,78,74,1,3,2016-05-05,main_sleep,False
5577150313,11600721447,2016-05-09 20:14:00,2016-05-10 05:35:00,562,504,37,21,2016-05-10,main_sleep,False
5577150313,11607787833,2016-05-10 21:50:00,2016-05-11 05:45:00,476,431,38,7,2016-05-11,main_sleep,False
6117666160,11413551138,2016-04-16 00:46:00,2016-04-16 07:23:00,398,380,17,1,2016-04-16,main_sleep,False
6117666160,11416558996,2016-04-17 03:22:00,2016-04-17 07:40:00,259,247,12,0,2016-04-17,main_sleep,False
6117666160,11421968301,2016-04-17 15:33:00,2016-04-17 17:03:00,91,89,2,0,2016-04-17,nap,False
6117666160,11422749670,2016-04-17 22:44:00,2016-04-18 00:29:00,106,103,3,0,2016-04-18,night_piece,False
6117666160,11430191272,2016-04-18 00:52:00,2016-04-18 07:35:00,404,390,10,4,2016-04-18,main_sleep,False
6117666160,11445412645,2016-04-18 23:54:00,2016-04-19 08:05:00,492,465,27,0,2016-04-19,main_sleep,False
6117666160,11445412646,2016-04-19 23:12:00,2016-04-20 07:33:00,502,474,26,2,2016-04-20,main_sleep,False
6117666160,11452486347,2016-04-20 23:47:00,2016-04-21 08:56:00,550,508,37,5,2016-04-21,main_sleep,False
6117666160,11458712407,2016-04-22 00:26:00,2016-04-22 09:31:00,546,496,31,19,2016-04-22,main_sleep,False
6117666160,11463701257,2016-04-22 22:41:00,2016-04-23 07:39:00,539,494,29,16,2016-04-23,main_sleep,False
6117666160,11493525940,2016-04-24 02:04:00,2016-04-24 08:10:00,367,353,13,1,2016-04-24,main_sleep,False
6117666160,11502015693,2016-04-26 23:56:00,2016-04-27 09:12:00,557,542,14,1,2016-04-27,main_sleep,False
6117666160,11504747764,2016-04-27 23:48:00,2016-04-28 06:43:00,416,393,23,0,2016-04-28,main_sleep,False
6117666160,11514386783,2016-04-28 21:43:00,2016-04-29 08:18:00,636,600,28,8,2016-04-29,main_sleep,False
6117666160,11527781112,2016-04-30 23:03:00,2016-05-01 08:37:00,575,507,44,24,2016-05-01,main_sleep,False
6117666160,11568765044,2016-05-04 23:55:00,2016-05-05 06:49:00,415,392,19,4,2016-05-05,main_sleep,False
6117666160,11568765045,2016-05-05 22:56:00,2016-05-06 09:08:00,613,583,26,4,2016-05-06,main_sleep,False
6117666160,11568765046,2016-05-06 13:34:00,2016-05-06 14:58:00,85,75,9,1,2016-05-06,nap,False
6117666160,11576509603,2016-05-07 01:01:00,2016-05-07 07:50:00,410,404,5,1,2016-05-07,main_sleep,False
6117666160,11576509604,2016-05-07 19:41:00,2016-05-07 21:17:00,97,94,1,2,2016-05-07,nap,False
6117666160,11589908471,2016-05-07 22:55:00,2016-05-08 08:57:00,603,555,35,13,2016-05-08,main_sleep,False
6117666160,11589908472,2016-05-08 22:53:00,2016-05-09 07:34:00,522,492,25,5,2016-05-09,main_sleep,False
6775888955,11384442455,2016-04-13 02:49:00,2016-04-13 07:08:00,260,235,17,8,2016-04-13,main_sleep,False
6775888955,11397216255,2016-04-13 23:53:00,2016-04-14 07:13:00,441,423,13,5,2016-04-14,main_sleep,False
6775888955,11400668739,2016-04-15 00:11:00,2016-04-15 06:56:00,406,391,11,4,2016-04-15,main_sleep,False
6962181067,11372617693,2016-04-12 00:23:00,2016-04-12 06:49:00,387,366,18,3,2016-04-12,main_sleep,False
6962181067,11383389803,2016-04-12 23:56:00,2016-04-13 08:05:00,490,448,36,6,2016-04-13,main_sleep,False
6962181067,11384378592,2016-04-13 08:40:00,2016-04-13 09:42:00,63,56,6,1,2016-04-13,night_piece,False
6962181067,11385239921,2016-04-13 09:52:00,2016-04-13 11:57:00,126,126,0,0,2016-04-13,night_piece,False
6962181067,11391082858,2016-04-13 23:17:00,2016-04-14 06:51:00,455,432,17,6,2016-04-14,main_sleep,False
6962181067,11392223003,2016-04-14 06:53:00,2016-04-14 08:12:00,80,76,4,0,2016-04-14,night_piece,False
6962181067,11399562896,2016-04-15 00:23:00,2016-04-15 06:48:00,386,370,14,2,2016-04-15,main_sleep,False
6962181067,11408300019,2016-04-16 01:36:00,2016-04-16 07:41:00,366,357,5,4,2016-04-16,main_sleep,False
6962181067,11415835154,2016-04-17 00:06:00,2016-04-17 07:31:00,446,427,16,3,2016-04-17,main_sleep,False
6962181067,11424306120,2016-04-17 23:13:00,2016-04-18 06:50:00,458,442,13,3,2016-04-18,main_sleep,False
6962181067,11434169235,2016-04-18 23:13:00,2016-04-19 08:07:00,535,476,55,4,2016-04-19,main_sleep,False
6962181067,11441506388,2016-04-19 23:38:00,2016-04-20 06:41:00,424,418,5,1,2016-04-20,main_sleep,False
6962181067,11449886243,2016-04-20 23:10:00,2016-04-21 06:46:00,457,451,6,0,2016-04-21,main_sleep,False
6962181067,11457937567,2016-04-21 23:29:00,2016-04-22 06:43:00,435,425,10,0,2016-04-22,main_sleep,False
6962181067,11464896666,2016-04-22 22:46:00,2016-04-23 07:51:00,546,528,15,3,2016-04-23,main_sleep,False
6962181067,11472150478,2016-04-24 00:00:00,2016-04-24 08:33:00,514,511,3,0,2016-04-24,main_sleep,False
6962181067,11479670086,2016-04-24 23:53:00,2016-04-25 06:47:00,415,400,11,4,2016-04-25,main_sleep,False
6962181067,11488695133,2016-04-25 23:13:00,2016-04-26 06:38:00,446,441,5,0,2016-04-26,main_sleep,False
6962181067,11496026553,2016-04-26 22:56:00,2016-04-27 06:42:00,467,455,11,1,2016-04-27,main_sleep,False
6962181067,11504431352,2016-04-27 23:44:00,2016-04-28 07:16:00,453,440,11,2,2016-04-28,main_sleep,False
6962181067,11511802750,2016-04-28 23:12:00,2016-04-29 06:38:00,447,433,14,0,2016-04-29,main_sleep,False
6962181067,11520934806,2016-04-30 01:29:00,2016-04-30 08:32:00,424,422,2,0,2016-04-30,main_sleep,False
6962181067,11526663776,2016-05-01 00:24:00,2016-05-01 07:29:00,426,411,12,3,2016-05-01,main_sleep,False
6962181067,11534084699,2016-05-01 22:43:00,2016-05-02 06:44:00,482,466,14,2,2016-05-02,main_sleep,False
6962181067,11542593091,2016-05-02 23:50:00,2016-05-03 06:47:00,418,394,17,7,2016-05-03,main_sleep,False
6962181067,11549818349,2016-05-03 23:06:00,2016-05-04 06:40:00,455,442,12,1,2016-05-04,main_sleep,False
6962181067,11557829052,2016-05-04 23:39:00,2016-05-05 07:49:00,491,467,21,3,2016-05-05,main_sleep,False
6962181067,11564797317,2016-05-05 23:22:00,2016-05-06 07:03:00,462,443,15,4,2016-05-06,main_sleep,False
6962181067,11572402930,2016-05-07 03:10:00,2016-05-07 08:43:00,334,298,25,11,2016-05-07,main_sleep,False
6962181067,11579365841,2016-05-07 23:27:00,2016-05-08 08:55:00,569,541,22,6,2016-05-08,main_sleep,False
6962181067,11587333914,2016-05-08 23:30:00,2016-05-09 07:46:00,497,489,8,0,2016-05-09,main_sleep,False
6962181067,11596233059,2016-05-09 22:49:00,2016-05-10 06:49:00,481,469,10,2,2016-05-10,main_sleep,False
6962181067,11605753758,2016-05-10 23:27:00,2016-05-11 07:26:00,480,452,26,2,2016-05-11,main_sleep,False
6962181067,11614342249,2016-05-11 23:06:00,2016-05-12 08:00:00,535,516,17,2,2016-05-12,main_sleep,False
7007744171,11413262371,2016-04-16 14:06:00,2016-04-16 15:27:00,82,79,3,0,2016-04-16,main_sleep,False
7007744171,11536633979,2016-05-01 11:29:00,2016-05-01 12:29:00,61,58,3,0,2016-05-01,main_sleep,False
7086361926,11374876178,2016-04-11 22:11:00,2016-04-12 06:55:00,525,514,9,2,2016-04-12,main_sleep,False
7086361926,11384782524,2016-04-12 23:00:00,2016-04-13 06:44:00,465,451,13,1,2016-04-13,main_sleep,False
7086361926,11393314816,2016-04-13 22:41:00,2016-04-14 06:36:00,476,472,4,0,2016-04-14,main_sleep,False
7086361926,11402209490,2016-04-15 00:19:00,2016-04-15 06:44:00,386,377,8,1,2016-04-15,main_sleep,False
7086361926,11435753721,2016-04-18 22:42:00,2016-04-19 06:44:00,483,472,11,0,2016-04-19,main_sleep,False
7086361926,11443866261,2016-04-19 22:16:00,2016-04-20 06:37:00,502,492,10,0,2016-04-20,main_sleep,False
7086361926,11452159041,2016-04-21 00:06:00,2016-04-21 06:56:00,411,390,14,7,2016-04-21,main_sleep,False
7086361926,11459947346,2016-04-21 23:20:00,2016-04-22 06:47:00,448,428,13,7,2016-04-22,main_sleep,False
7086361926,11475129406,2016-04-24 00:27:00,2016-04-24 12:10:00,704,681,23,0,2016-04-24,main_sleep,False
7086361926,11481756215,2016-04-24 23:15:00,2016-04-25 06:41:00,447,446,1,0,2016-04-25,main_sleep,False
7086361926,11491310648,2016-04-25 22:25:00,2016-04-26 06:44:00,500,485,15,0,2016-04-26,main_sleep,False
7086361926,11498140223,2016-04-26 22:46:00,2016-04-27 06:44:00,479,469,10,0,2016-04-27,main_sleep,False
7086361926,11506304723,2016-04-28 00:43:00,2016-04-28 06:49:00,367,354,9,4,2016-04-28,main_sleep,False
7086361926,11522703526,2016-04-30 01:30:00,2016-04-30 09:38:00,489,485,2,2,2016-04-30,main_sleep,False
7086361926,11528444538,2016-05-01 00:28:00,2016-05-01 07:14:00,407,388,12,7,2016-05-01,main_sleep,False
7086361926,11536298042,2016-05-01 23:15:00,2016-05-02 06:53:00,459,440,16,3,2016-05-02,main_sleep,False
7086361926,11545051498,2016-05-02 23:02:00,2016-05-03 06:42:00,461,456,5,0,2016-05-03,main_sleep,False
7086361926,11552208347,2016-05-03 23:29:00,2016-05-04 06:44:00,436,420,16,0,2016-05-04,main_sleep,False
7086361926,11567152284,2016-05-06 01:15:00,2016-05-06 06:47:00,333,322,10,1,2016-05-06,main_sleep,False
7086361926,11574341026,2016-05-07 00:29:00,2016-05-07 09:36:00,548,530,17,1,2016-05-07,main_sleep,False
7086361926,11581172715,2016-05-08 00:06:00,2016-05-08 08:35:00,510,481,20,9,2016-05-08,main_sleep,False
7086361926,11588926929,2016-05-08 23:31:00,2016-05-09 06:48:00,438,427,11,0,2016-05-09,main_sleep,False
7086361926,11607696585,2016-05-10 23:03:00,2016-05-11 06:45:00,463,451,11,1,2016-05-11,main_sleep,False
7086361926,11615720066,2016-05-11 23:09:00,2016-05-12 06:45:00,457,444,13,0,2016-05-12,main_sleep,False
8053475328,11444501949,2016-04-20 02:29:00,2016-04-20 10:41:00,493,486,4,3,2016-04-20,main_sleep,False
8053475328,11467486051,2016-04-23 03:36:00,2016-04-23 09:12:00,337,331,1,5,2016-04-23,main_sleep,False
8053475328,11576391252,2016-05-07 19:49:00,2016-05-07 21:03:00,75,74,0,1,2016-05-07,main_sleep,False
8378563200,11373088895,2016-04-11 22:19:00,2016-04-12 04:14:00,356,338,16,2,2016-04-12,main_sleep,False
8378563200,11382763276,2016-04-12 20:14:00,2016-04-13 02:28:00,375,341,34,0,2016-04-13,main_sleep,False
8378563200,11382763277,2016-04-13 02:32:00,2016-04-13 04:23:00,112,106,2,4,2016-04-13,night_piece,False
8378563200,11391590098,2016-04-13 20:40:00,2016-04-14 04:14:00,455,424,28,3,2016-04-14,main_sleep,False
8378563200,11400023617,2016-04-14 21:12:00,2016-04-15 06:04:00,533,513,15,5,2016-04-15,main_sleep,False
8378563200,11409127461,2016-04-15 22:47:00,2016-04-16 07:57:00,551,494,51,6,2016-04-16,main_sleep,False
8378563200,11414152053,2016-04-16 21:07:00,2016-04-16 23:24:00,138,117,18,3,2016-04-16,nap,False
8378563200,11416249771,2016-04-16 23:26:00,2016-04-17 07:07:00,462,433,25,4,2016-04-17,main_sleep,False
8378563200,11420754094,2016-04-17 13:51:00,2016-04-17 15:59:00,129,92,36,1,2016-04-17,nap,False
8378563200,11424513975,2016-04-17 20:49:00,2016-04-18 04:19:00,451,398,49,4,2016-04-18,main_sleep,False
8378563200,11433548828,2016-04-18 21:21:00,2016-04-19 04:21:00,421,387,27,7,2016-04-19,main_sleep,False
8378563200,11441710430,2016-04-19 21:32:00,2016-04-20 04:20:00,409,381,26,2,2016-04-20,main_sleep,False
8378563200,11450382515,2016-04-20 21:23:00,2016-04-21 04:19:00,417,396,17,4,2016-04-21,main_sleep,False
8378563200,11458449548,2016-04-21 20:35:00,2016-04-22 04:23:00,469,441,23,5,2016-04-22,main_sleep,False
8378563200,11465706523,2016-04-22 21:57:00,2016-04-23 07:47:00,591,565,20,6,2016-04-23,main_sleep,False
8378563200,11471818605,2016-04-23 22:53:00,2016-04-24 07:04:00,492,458,28,6,2016-04-24,main_sleep,False
8378563200,11480131819,2016-04-24 21:34:00,2016-04-25 04:15:00,402,388,14,0,2016-04-25,main_sleep,False
8378563200,11489307342,2016-04-25 20:23:00,2016-04-26 06:06:00,584,550,31,3,2016-04-26,main_sleep,False
8378563200,11494852178,2016-04-26 20:29:00,2016-04-27 06:28:00,600,541,47,12,2016-04-27,main_sleep,False
8378563200,11508037626,2016-04-27 21:05:00,2016-04-28 06:20:00,556,506,41,9,2016-04-28,main_sleep,False
8378563200,11512161584,2016-04-28 20:52:00,2016-04-29 06:13:00,562,527,32,3,2016-04-29,main_sleep,False
8378563200,11520206581,2016-04-29 22:03:00,2016-04-30 07:17:00,555,468,71,16,2016-04-30,main_sleep,False
8378563200,11527533844,2016-04-30 22:19:00,2016-05-01 07:17:00,539,475,52,12,2016-05-01,main_sleep,False
8378563200,11534586771,2016-05-01 21:56:00,2016-05-02 04:20:00,385,351,30,4,2016-05-02,main_sleep,False
8378563200,11543250624,2016-05-02 21:12:00,2016-05-03 04:20:00,429,405,21,3,2016-05-03,main_sleep,False
8378563200,11550654115,2016-05-03 22:49:00,2016-05-04 06:45:00,477,441,30,6,2016-05-04,main_sleep,False
8378563200,11557612620,2016-05-04 21:22:00,2016-05-05 04:18:00,417,381,26,10,2016-05-05,main_sleep,False
8378563200,11565147460,2016-05-05 21:46:00,2016-05-06 03:40:00,355,323,23,9,2016-05-06,main_sleep,False
8378563200,11572911643,2016-05-06 21:37:00,2016-05-07 01:48:00,252,228,20,4,2016-05-07,nap,False
8378563200,11572911644,2016-05-07 04:15:00,2016-05-07 08:35:00,261,231,20,10,2016-05-07,main_sleep,False
8378563200,11578970640,2016-05-07 22:59:00,2016-05-08 09:04:00,606,553,41,12,2016-05-08,main_sleep,False
8378563200,11587138241,2016-05-08 21:45:00,2016-05-09 04:23:00,399,359,34,6,2016-05-09,main_sleep,False
8378563200,11595151537,2016-05-09 21:32:00,2016-05-10 04:02:00,391,362,23,6,2016-05-10,main_sleep,False
8378563200,11605715978,2016-05-10 21:52:00,2016-05-11 04:18:00,387,368,18,1,2016-05-11,main_sleep,False
8378563200,11611590375,2016-05-11 21:29:00,2016-05-12 06:34:00,546,499,40,7,2016-05-12,main_sleep,False
8792009665,11375666612,2016-04-12 01:51:00,2016-04-12 10:03:00,493,458,32,3,2016-04-12,main_sleep,False
8792009665,11385348917,2016-04-13 01:18:00,2016-04-13 10:29:00,552,531,18,3,2016-04-13,main_sleep,False
8792009665,11431161768,2016-04-14 02:34:00,2016-04-14 10:56:00,503,486,17,0,2016-04-14,main_sleep,False
8792009665,11431161769,2016-04-15 03:17:00,2016-04-15 09:33:00,377,363,13,1,2016-04-15,main_sleep,False
8792009665,11444600597,2016-04-20 02:13:00,2016-04-20 11:19:00,547,528,15,4,2016-04-20,main_sleep,False
8792009665,11459956046,2016-04-22 02:02:00,2016-04-22 08:48:00,407,391,12,4,2016-04-22,main_sleep,False
8792009665,11466415426,2016-04-23 03:15:00,2016-04-23 09:14:00,360,339,20,1,2016-04-23,main_sleep,False
8792009665,11510924293,2016-04-27 02:11:00,2016-04-27 09:18:00,428,423,5,0,2016-04-27,main_sleep,False
8792009665,11510924294,2016-04-28 02:43:00,2016-04-28 09:38:00,416,402,11,3,2016-04-28,main_sleep,False
8792009665,11514018985,2016-04-29 02:19:00,2016-04-29 09:04:00,406,398,6,2,2016-04-29,main_sleep,False
8792009665,11521265607,2016-04-30 02:20:00,2016-04-30 08:19:00,360,343,15,2,2016-04-30,main_sleep,False
8792009665,11528665309,2016-05-01 01:04:00,2016-05-01 09:50:00,527,503,24,0,2016-05-01,main_sleep,False
8792009665,11536572725,2016-05-02 02:34:00,2016-05-02 09:36:00,423,415,8,0,2016-05-02,main_sleep,False
8792009665,11545482065,2016-05-03 02:00:00,2016-05-03 11:04:00,545,516,27,2,2016-05-03,main_sleep,False
8792009665,11552534115,2016-05-04 02:21:00,2016-05-04 10:03:00,463,439,22,2,2016-05-04,main_sleep,False
