user_id,date,night_minutes_asleep,night_minutes_in_bed,restless_minutes,awake_minutes,night_pieces,capped_session,nap_minutes,incomplete_night,took_nap,reliable_night,long_sleep,night_hours_asleep,sleep_efficiency,minutes_awake_in_bed,bedtime,wake_time,bedtime_hrs_after_6pm,sleep_category,day_of_week,is_weekend_morning,sleep_records,total_asleep_incl_naps,total_in_bed_incl_naps
1503960366,2016-04-12,327.0,346.0,13.0,6.0,1.0,False,0.0,False,False,True,False,5.45,0.9451,19.0,02:47,08:33,8.78,< 6 h,Tuesday,False,1,327,346
1503960366,2016-04-13,290.0,313.0,11.0,12.0,1.0,False,94.0,False,True,True,False,4.83,0.9265,23.0,03:08,08:21,9.13,< 6 h,Wednesday,False,2,384,407
1503960366,2016-04-15,412.0,442.0,22.0,8.0,1.0,False,0.0,False,False,True,False,6.87,0.9321,30.0,02:59,10:21,8.98,6–7 h,Friday,False,1,412,442
1503960366,2016-04-16,340.0,367.0,19.0,8.0,2.0,False,0.0,False,False,True,False,5.67,0.9264,27.0,02:11,08:20,8.18,< 6 h,Saturday,True,2,340,367
1503960366,2016-04-17,700.0,712.0,12.0,0.0,1.0,False,0.0,False,False,True,True,11.67,0.9831,12.0,23:27,11:19,5.45,> 9 h,Sunday,True,1,700,712
1503960366,2016-04-19,304.0,320.0,16.0,0.0,1.0,False,0.0,False,False,True,False,5.07,0.95,16.0,02:06,07:26,8.1,< 6 h,Tuesday,False,1,304,320
1503960366,2016-04-20,360.0,377.0,14.0,3.0,1.0,False,0.0,False,False,True,False,6.0,0.9549,17.0,02:01,08:18,8.02,6–7 h,Wednesday,False,1,360,377
1503960366,2016-04-21,325.0,364.0,36.0,3.0,1.0,False,0.0,False,False,True,False,5.42,0.8929,39.0,02:32,08:36,8.53,< 6 h,Thursday,False,1,325,364
1503960366,2016-04-23,361.0,384.0,22.0,1.0,1.0,False,0.0,False,False,True,False,6.02,0.9401,23.0,02:23,08:47,8.38,6–7 h,Saturday,True,1,361,384
1503960366,2016-04-24,430.0,449.0,19.0,0.0,1.0,False,0.0,False,False,True,False,7.17,0.9577,19.0,01:57,09:26,7.95,7–9 h,Sunday,True,1,430,449
1503960366,2016-04-25,277.0,323.0,40.0,6.0,1.0,False,0.0,False,False,True,False,4.62,0.8576,46.0,02:56,08:19,8.93,< 6 h,Monday,False,1,277,323
1503960366,2016-04-26,245.0,274.0,26.0,3.0,1.0,False,0.0,False,False,True,False,4.08,0.8942,29.0,03:59,08:33,9.98,< 6 h,Tuesday,False,1,245,274
1503960366,2016-04-28,366.0,393.0,26.0,1.0,1.0,False,0.0,False,False,True,False,6.1,0.9313,27.0,02:02,08:35,8.03,6–7 h,Thursday,False,1,366,393
1503960366,2016-04-29,341.0,354.0,13.0,0.0,1.0,False,0.0,False,False,True,False,5.68,0.9633,13.0,02:21,08:15,8.35,< 6 h,Friday,False,1,341,354
1503960366,2016-04-30,404.0,425.0,20.0,1.0,1.0,False,0.0,False,False,True,False,6.73,0.9506,21.0,01:50,08:55,7.83,6–7 h,Saturday,True,1,404,425
1503960366,2016-05-01,369.0,396.0,22.0,5.0,1.0,False,0.0,False,False,True,False,6.15,0.9318,27.0,02:02,08:38,8.03,6–7 h,Sunday,True,1,369,396
1503960366,2016-05-02,277.0,309.0,26.0,6.0,1.0,False,0.0,False,False,True,False,4.62,0.8964,32.0,03:15,08:24,9.25,< 6 h,Monday,False,1,277,309
1503960366,2016-05-03,273.0,296.0,20.0,3.0,1.0,False,0.0,False,False,True,False,4.55,0.9223,23.0,03:39,08:35,9.65,< 6 h,Tuesday,False,1,273,296
1503960366,2016-05-05,247.0,264.0,16.0,1.0,1.0,False,0.0,False,False,True,False,4.12,0.9356,17.0,04:16,08:40,10.27,< 6 h,Thursday,False,1,247,264
1503960366,2016-05-06,334.0,367.0,31.0,2.0,1.0,False,0.0,False,False,True,False,5.57,0.9101,33.0,02:25,08:32,8.42,< 6 h,Friday,False,1,334,367
1503960366,2016-05-07,331.0,349.0,16.0,2.0,1.0,False,0.0,False,False,True,False,5.52,0.9484,18.0,02:41,08:30,8.68,< 6 h,Saturday,True,1,331,349
1503960366,2016-05-08,594.0,611.0,16.0,1.0,1.0,False,0.0,False,False,True,False,9.9,0.9722,17.0,01:32,11:43,7.53,> 9 h,Sunday,True,1,594,611
1503960366,2016-05-09,338.0,342.0,4.0,0.0,1.0,False,0.0,False,False,True,False,5.63,0.9883,4.0,00:35,06:17,6.58,< 6 h,Monday,False,1,338,342
1503960366,2016-05-10,383.0,403.0,19.0,1.0,1.0,False,0.0,False,False,True,False,6.38,0.9504,20.0,01:36,08:19,7.6,6–7 h,Tuesday,False,1,383,403
1503960366,2016-05-11,285.0,306.0,21.0,0.0,1.0,False,0.0,False,False,True,False,4.75,0.9314,21.0,03:08,08:14,9.13,< 6 h,Wednesday,False,1,285,306
1644430081,2016-04-29,,,,,,False,119.0,True,True,False,False,,,,,,,,Friday,False,1,119,127
1644430081,2016-04-30,,,,,,False,124.0,True,True,False,False,,,,,,,,Saturday,True,1,124,142
1644430081,2016-05-02,796.0,961.0,36.0,129.0,1.0,True,0.0,False,False,False,False,13.27,0.8283,165.0,18:01,10:02,0.02,,Monday,False,1,796,961
1644430081,2016-05-08,,,,,,False,137.0,True,True,False,False,,,,,,,,Sunday,True,1,137,154
1844505072,2016-04-15,644.0,961.0,229.0,88.0,1.0,True,0.0,False,False,False,False,10.73,0.6701,317.0,20:16,12:17,2.27,,Friday,False,1,644,961
1844505072,2016-04-30,722.0,961.0,141.0,98.0,1.0,True,0.0,False,False,False,False,12.03,0.7513,239.0,22:09,14:10,4.15,,Saturday,True,1,722,961
1844505072,2016-05-01,590.0,961.0,254.0,117.0,1.0,True,0.0,False,False,False,False,9.83,0.6139,371.0,20:52,12:53,2.87,,Sunday,True,1,590,961
1927972279,2016-04-12,606.0,622.0,16.0,0.0,2.0,False,144.0,False,True,True,True,10.1,0.9743,16.0,21:56,08:36,3.93,> 9 h,Tuesday,False,3,750,775
1927972279,2016-04-13,398.0,422.0,17.0,7.0,1.0,False,0.0,False,False,True,False,6.63,0.9431,24.0,02:23,09:25,8.38,6–7 h,Wednesday,False,1,398,422
1927972279,2016-04-15,475.0,499.0,24.0,0.0,2.0,False,0.0,False,False,True,False,7.92,0.9519,24.0,23:09,09:02,5.15,7–9 h,Friday,False,2,475,499
1927972279,2016-04-26,296.0,315.0,19.0,0.0,1.0,False,0.0,False,False,True,False,4.93,0.9397,19.0,21:55,03:10,3.92,< 6 h,Tuesday,False,1,296,315
1927972279,2016-04-28,,,,,,False,166.0,True,True,False,False,,,,,,,,Thursday,False,1,166,178
2026352035,2016-04-12,503.0,546.0,42.0,1.0,1.0,False,0.0,False,False,True,False,8.38,0.9212,43.0,20:48,05:54,2.8,7–9 h,Tuesday,False,1,503,546
2026352035,2016-04-13,531.0,565.0,29.0,5.0,1.0,False,0.0,False,False,True,False,8.85,0.9398,34.0,20:52,06:17,2.87,7–9 h,Wednesday,False,1,531,565
2026352035,2016-04-14,545.0,568.0,19.0,4.0,1.0,False,0.0,False,False,True,False,9.08,0.9595,23.0,21:18,06:46,3.3,> 9 h,Thursday,False,1,545,568
2026352035,2016-04-15,523.0,573.0,41.0,9.0,1.0,False,0.0,False,False,True,False,8.72,0.9127,50.0,20:56,06:29,2.93,7–9 h,Friday,False,1,523,573
2026352035,2016-04-16,524.0,567.0,39.0,4.0,1.0,False,0.0,False,False,True,False,8.73,0.9242,43.0,21:04,06:31,3.07,7–9 h,Saturday,True,1,524,567
2026352035,2016-04-17,437.0,498.0,57.0,4.0,1.0,False,0.0,False,False,True,False,7.28,0.8775,61.0,21:09,05:27,3.15,7–9 h,Sunday,True,1,437,498
2026352035,2016-04-19,498.0,540.0,37.0,5.0,1.0,False,0.0,False,False,True,False,8.3,0.9222,42.0,20:44,05:44,2.73,7–9 h,Tuesday,False,1,498,540
2026352035,2016-04-20,461.0,510.0,46.0,3.0,1.0,False,0.0,False,False,True,False,7.68,0.9039,49.0,21:10,05:40,3.17,7–9 h,Wednesday,False,1,461,510
2026352035,2016-04-21,477.0,514.0,37.0,0.0,1.0,False,0.0,False,False,True,False,7.95,0.928,37.0,21:30,06:04,3.5,7–9 h,Thursday,False,1,477,514
2026352035,2016-04-22,520.0,545.0,25.0,0.0,1.0,False,0.0,False,False,True,False,8.67,0.9541,25.0,21:06,06:11,3.1,7–9 h,Friday,False,1,520,545
2026352035,2016-04-23,522.0,554.0,26.0,6.0,1.0,False,0.0,False,False,True,False,8.7,0.9422,32.0,20:45,05:59,2.75,7–9 h,Saturday,True,1,522,554
2026352035,2016-04-24,555.0,591.0,32.0,4.0,1.0,False,0.0,False,False,True,False,9.25,0.9391,36.0,20:49,06:40,2.82,> 9 h,Sunday,True,1,555,591
2026352035,2016-04-25,506.0,531.0,20.0,5.0,1.0,False,0.0,False,False,True,False,8.43,0.9529,25.0,21:08,05:59,3.13,7–9 h,Monday,False,1,506,531
2026352035,2016-04-27,508.0,545.0,36.0,1.0,1.0,False,0.0,False,False,True,False,8.47,0.9321,37.0,21:46,06:51,3.77,7–9 h,Wednesday,False,1,508,545
2026352035,2016-04-28,513.0,545.0,28.0,4.0,1.0,False,0.0,False,False,True,False,8.55,0.9413,32.0,21:23,06:28,3.38,7–9 h,Thursday,False,1,513,545
2026352035,2016-04-29,490.0,510.0,16.0,4.0,1.0,False,0.0,False,False,True,False,8.17,0.9608,20.0,22:25,06:55,4.42,7–9 h,Friday,False,1,490,510
2026352035,2016-04-30,573.0,607.0,29.0,5.0,1.0,False,0.0,False,False,True,False,9.55,0.944,34.0,20:59,07:06,2.98,> 9 h,Saturday,True,1,573,607
2026352035,2016-05-01,527.0,546.0,15.0,4.0,1.0,False,0.0,False,False,True,False,8.78,0.9652,19.0,20:53,05:59,2.88,7–9 h,Sunday,True,1,527,546
2026352035,2016-05-02,511.0,543.0,28.0,4.0,1.0,False,0.0,False,False,True,False,8.52,0.9411,32.0,21:06,06:09,3.1,7–9 h,Monday,False,1,511,543
2026352035,2016-05-04,538.0,560.0,21.0,1.0,1.0,False,0.0,False,False,True,False,8.97,0.9607,22.0,21:25,06:45,3.42,7–9 h,Wednesday,False,1,538,560
2026352035,2016-05-05,468.0,485.0,17.0,0.0,1.0,False,0.0,False,False,True,False,7.8,0.9649,17.0,21:21,05:26,3.35,7–9 h,Thursday,False,1,468,485
2026352035,2016-05-06,524.0,548.0,23.0,1.0,1.0,False,0.0,False,False,True,False,8.73,0.9562,24.0,21:20,06:28,3.33,7–9 h,Friday,False,1,524,548
2026352035,2016-05-07,511.0,521.0,9.0,1.0,1.0,False,0.0,False,False,True,False,8.52,0.9808,10.0,21:22,06:03,3.37,7–9 h,Saturday,True,1,511,521
2026352035,2016-05-08,541.0,568.0,24.0,3.0,1.0,False,0.0,False,False,True,False,9.02,0.9525,27.0,20:58,06:26,2.97,> 9 h,Sunday,True,1,541,568
2026352035,2016-05-09,531.0,556.0,23.0,2.0,1.0,False,0.0,False,False,True,False,8.85,0.955,25.0,20:54,06:10,2.9,7–9 h,Monday,False,1,531,556
2026352035,2016-05-10,357.0,380.0,19.0,4.0,1.0,False,0.0,False,False,True,False,5.95,0.9395,23.0,21:54,04:14,3.9,< 6 h,Tuesday,False,1,357,380
2026352035,2016-05-11,523.0,553.0,28.0,2.0,1.0,False,0.0,False,False,True,False,8.72,0.9458,30.0,21:13,06:26,3.22,7–9 h,Wednesday,False,1,523,553
2026352035,2016-05-12,456.0,485.0,25.0,4.0,1.0,False,0.0,False,False,True,False,7.6,0.9402,29.0,21:25,05:30,3.42,7–9 h,Thursday,False,1,456,485
2320127002,2016-04-23,61.0,69.0,4.0,4.0,1.0,False,0.0,True,False,False,False,1.02,0.8841,8.0,20:10,21:19,2.17,,Saturday,True,1,61,69
2347167796,2016-04-13,467.0,531.0,60.0,4.0,1.0,False,0.0,False,False,True,False,7.78,0.8795,64.0,22:05,06:56,4.08,7–9 h,Wednesday,False,1,467,531
2347167796,2016-04-14,445.0,489.0,41.0,3.0,1.0,False,0.0,False,False,True,False,7.42,0.91,44.0,22:18,06:27,4.3,7–9 h,Thursday,False,1,445,489
2347167796,2016-04-15,452.0,504.0,49.0,3.0,1.0,False,0.0,False,False,True,False,7.53,0.8968,52.0,22:27,06:51,4.45,7–9 h,Friday,False,1,452,504
2347167796,2016-04-17,556.0,602.0,43.0,3.0,1.0,False,0.0,False,False,True,False,9.27,0.9236,46.0,22:54,08:56,4.9,> 9 h,Sunday,True,1,556,602
2347167796,2016-04-18,500.0,557.0,51.0,6.0,1.0,False,0.0,False,False,True,False,8.33,0.8977,57.0,21:41,06:58,3.68,7–9 h,Monday,False,1,500,557
2347167796,2016-04-19,465.0,514.0,44.0,5.0,1.0,False,0.0,False,False,True,False,7.75,0.9047,49.0,22:09,06:43,4.15,7–9 h,Tuesday,False,1,465,514
2347167796,2016-04-21,460.0,484.0,24.0,0.0,1.0,False,0.0,False,False,True,False,7.67,0.9504,24.0,22:14,06:18,4.23,7–9 h,Thursday,False,1,460,484
2347167796,2016-04-22,405.0,461.0,49.0,7.0,1.0,False,0.0,False,False,True,False,6.75,0.8785,56.0,23:16,06:57,5.27,6–7 h,Friday,False,1,405,461
2347167796,2016-04-23,374.0,386.0,12.0,0.0,1.0,False,0.0,False,False,True,False,6.23,0.9689,12.0,00:20,06:46,6.33,6–7 h,Saturday,True,1,374,386
2347167796,2016-04-24,442.0,459.0,17.0,0.0,1.0,False,0.0,False,False,True,False,7.37,0.963,17.0,23:24,07:03,5.4,7–9 h,Sunday,True,1,442,459
2347167796,2016-04-25,433.0,471.0,35.0,3.0,1.0,False,0.0,False,False,True,False,7.22,0.9193,38.0,22:47,06:38,4.78,7–9 h,Monday,False,1,433,471
2347167796,2016-04-26,436.0,490.0,52.0,2.0,1.0,False,0.0,False,False,True,False,7.27,0.8898,54.0,22:34,06:44,4.57,7–9 h,Tuesday,False,1,436,490
2347167796,2016-04-27,448.0,499.0,48.0,3.0,1.0,False,0.0,False,False,True,False,7.47,0.8978,51.0,22:44,07:03,4.73,7–9 h,Wednesday,False,1,448,499
2347167796,2016-04-28,408.0,450.0,38.0,4.0,1.0,False,0.0,False,False,True,False,6.8,0.9067,42.0,22:56,06:26,4.93,6–7 h,Thursday,False,1,408,450
2347167796,2016-04-29,411.0,473.0,59.0,3.0,1.0,False,0.0,False,False,True,False,6.85,0.8689,62.0,22:59,06:52,4.98,6–7 h,Friday,False,1,411,473
3977333714,2016-04-12,274.0,469.0,182.0,13.0,1.0,False,0.0,False,False,True,False,4.57,0.5842,195.0,00:35,08:24,6.58,< 6 h,Tuesday,False,1,274,469
3977333714,2016-04-13,265.0,395.0,124.0,6.0,1.0,False,30.0,False,True,True,False,4.42,0.6709,130.0,00:45,07:20,6.75,< 6 h,Wednesday,False,2,295,456
3977333714,2016-04-14,291.0,397.0,101.0,5.0,1.0,False,0.0,False,False,True,False,4.85,0.733,106.0,01:35,08:12,7.58,< 6 h,Thursday,False,1,291,397
3977333714,2016-04-15,424.0,556.0,130.0,2.0,1.0,False,0.0,False,False,True,False,7.07,0.7626,132.0,02:05,11:21,8.08,7–9 h,Friday,False,1,424,556
3977333714,2016-04-16,283.0,510.0,227.0,0.0,1.0,False,0.0,False,False,True,False,4.72,0.5549,227.0,00:10,08:40,6.17,< 6 h,Saturday,True,1,283,510
3977333714,2016-04-17,381.0,566.0,181.0,4.0,1.0,False,0.0,False,False,True,False,6.35,0.6731,185.0,00:21,09:47,6.35,6–7 h,Sunday,True,1,381,566
3977333714,2016-04-18,347.0,447.0,98.0,2.0,1.0,False,65.0,False,True,True,False,5.78,0.7763,100.0,01:04,08:31,7.07,< 6 h,Monday,False,2,412,522
3977333714,2016-04-19,219.0,395.0,172.0,4.0,1.0,False,0.0,False,False,True,False,3.65,0.5544,176.0,01:58,08:33,7.97,< 6 h,Tuesday,False,1,219,395
3977333714,2016-04-20,119.0,245.0,119.0,7.0,1.0,False,33.0,True,True,False,False,1.98,0.4857,126.0,04:52,08:57,10.87,,Wednesday,False,2,152,305
3977333714,2016-04-21,332.0,512.0,176.0,4.0,1.0,False,0.0,False,False,True,False,5.53,0.6484,180.0,23:34,08:06,5.57,< 6 h,Thursday,False,1,332,512
3977333714,2016-04-22,355.0,476.0,120.0,1.0,1.0,False,0.0,False,False,True,False,5.92,0.7458,121.0,01:43,09:39,7.72,< 6 h,Friday,False,1,355,476
3977333714,2016-04-23,235.0,372.0,136.0,1.0,1.0,False,0.0,False,False,True,False,3.92,0.6317,137.0,01:24,07:36,7.4,< 6 h,Saturday,True,1,235,372
3977333714,2016-04-24,310.0,526.0,214.0,2.0,1.0,False,0.0,False,False,True,False,5.17,0.5894,216.0,00:28,09:14,6.47,< 6 h,Sunday,True,1,310,526
3977333714,2016-04-25,262.0,467.0,201.0,4.0,1.0,False,0.0,False,False,True,False,4.37,0.561,205.0,01:15,09:02,7.25,< 6 h,Monday,False,1,262,467
3977333714,2016-04-26,250.0,371.0,119.0,2.0,1.0,False,0.0,False,False,True,False,4.17,0.6739,121.0,03:06,09:17,9.1,< 6 h,Tuesday,False,1,250,371
3977333714,2016-04-27,349.0,540.0,186.0,5.0,1.0,False,0.0,False,False,True,False,5.82,0.6463,191.0,00:39,09:39,6.65,< 6 h,Wednesday,False,1,349,540
3977333714,2016-04-28,261.0,423.0,155.0,7.0,1.0,False,0.0,False,False,True,False,4.35,0.617,162.0,02:41,09:44,8.68,< 6 h,Thursday,False,1,261,423
3977333714,2016-04-29,333.0,478.0,145.0,0.0,1.0,False,0.0,False,False,True,False,5.55,0.6967,145.0,00:27,08:25,6.45,< 6 h,Friday,False,1,333,478
3977333714,2016-04-30,237.0,382.0,144.0,1.0,1.0,False,0.0,False,False,True,False,3.95,0.6204,145.0,00:20,06:42,6.33,< 6 h,Saturday,True,1,237,382
3977333714,2016-05-01,383.0,626.0,234.0,9.0,1.0,False,0.0,False,False,True,False,6.38,0.6118,243.0,22:38,09:04,4.63,6–7 h,Sunday,True,1,383,626
3977333714,2016-05-02,230.0,384.0,146.0,8.0,1.0,False,0.0,False,False,True,False,3.83,0.599,154.0,00:52,07:16,6.87,< 6 h,Monday,False,1,230,384
3977333714,2016-05-03,292.0,500.0,200.0,8.0,1.0,False,0.0,False,False,True,False,4.87,0.584,208.0,00:52,09:12,6.87,< 6 h,Tuesday,False,1,292,500
3977333714,2016-05-04,213.0,336.0,120.0,3.0,1.0,False,0.0,False,False,True,False,3.55,0.6339,123.0,02:36,08:12,8.6,< 6 h,Wednesday,False,1,213,336
3977333714,2016-05-05,318.0,480.0,160.0,2.0,1.0,False,0.0,False,False,True,False,5.3,0.6625,162.0,00:51,08:51,6.85,< 6 h,Thursday,False,1,318,480
3977333714,2016-05-06,323.0,512.0,183.0,6.0,1.0,False,0.0,False,False,True,False,5.38,0.6309,189.0,00:39,09:11,6.65,< 6 h,Friday,False,1,323,512
3977333714,2016-05-07,237.0,443.0,205.0,1.0,1.0,False,0.0,False,False,True,False,3.95,0.535,206.0,01:07,08:30,7.12,< 6 h,Saturday,True,1,237,443
3977333714,2016-05-08,250.0,395.0,145.0,0.0,1.0,False,9.0,False,True,True,False,4.17,0.6329,145.0,02:10,08:45,8.17,< 6 h,Sunday,True,2,259,456
3977333714,2016-05-10,312.0,452.0,135.0,5.0,1.0,False,0.0,False,False,True,False,5.2,0.6903,140.0,00:46,08:18,6.77,< 6 h,Tuesday,False,1,312,452
4020332650,2016-04-12,501.0,541.0,33.0,7.0,1.0,False,0.0,False,False,True,False,8.35,0.9261,40.0,21:17,06:18,3.28,7–9 h,Tuesday,False,1,501,541
4020332650,2016-04-16,77.0,77.0,0.0,0.0,1.0,False,0.0,True,False,False,False,1.28,1.0,0.0,01:31,02:48,7.52,,Saturday,True,1,77,77
4020332650,2016-05-03,322.0,332.0,5.0,5.0,1.0,False,0.0,False,False,True,False,5.37,0.9699,10.0,23:12,04:44,5.2,< 6 h,Tuesday,False,1,322,332
4020332650,2016-05-04,478.0,536.0,27.0,31.0,1.0,False,0.0,False,False,True,False,7.97,0.8918,58.0,23:28,08:24,5.47,7–9 h,Wednesday,False,1,478,536
4020332650,2016-05-05,226.0,248.0,18.0,4.0,1.0,False,0.0,False,False,True,False,3.77,0.9113,22.0,00:36,04:44,6.6,< 6 h,Thursday,False,1,226,248
4020332650,2016-05-06,385.0,408.0,17.0,6.0,1.0,False,0.0,False,False,True,False,6.42,0.9436,23.0,00:27,07:15,6.45,6–7 h,Friday,False,1,385,408
4020332650,2016-05-08,364.0,402.0,20.0,18.0,1.0,False,0.0,False,False,True,False,6.07,0.9055,38.0,00:37,07:19,6.62,6–7 h,Sunday,True,1,364,402
4020332650,2016-05-10,442.0,494.0,34.0,18.0,1.0,False,0.0,False,False,True,False,7.37,0.8947,52.0,23:26,07:40,5.43,7–9 h,Tuesday,False,1,442,494
4319703577,2016-04-14,535.0,557.0,21.0,1.0,1.0,False,0.0,False,False,True,False,8.92,0.9605,22.0,22:33,07:50,4.55,7–9 h,Thursday,False,1,535,557
4319703577,2016-04-15,465.0,491.0,24.0,2.0,1.0,False,0.0,False,False,True,False,7.75,0.947,26.0,23:28,07:39,5.47,7–9 h,Friday,False,1,465,491
4319703577,2016-04-16,506.0,522.0,15.0,1.0,1.0,False,0.0,False,False,True,False,8.43,0.9693,16.0,00:10,08:52,6.17,7–9 h,Saturday,True,1,506,522
4319703577,2016-04-18,515.0,551.0,27.0,9.0,1.0,False,0.0,False,False,True,False,8.58,0.9347,36.0,22:46,07:57,4.77,7–9 h,Monday,False,1,515,551
4319703577,2016-04-19,461.0,498.0,29.0,8.0,2.0,False,0.0,False,False,True,False,7.68,0.9257,37.0,22:49,07:16,4.82,7–9 h,Tuesday,False,2,461,498
4319703577,2016-04-20,523.0,543.0,10.0,10.0,1.0,False,0.0,False,False,True,False,8.72,0.9632,20.0,22:22,07:25,4.37,7–9 h,Wednesday,False,1,523,543
4319703577,2016-04-21,,,,,,False,59.0,True,True,False,False,,,,,,,,Thursday,False,1,59,65
4319703577,2016-04-22,533.0,550.0,16.0,1.0,1.0,False,0.0,False,False,True,False,8.88,0.9691,17.0,22:44,07:54,4.73,7–9 h,Friday,False,1,533,550
4319703577,2016-04-23,692.0,722.0,26.0,4.0,1.0,False,0.0,False,False,True,True,11.53,0.9584,30.0,22:59,11:01,4.98,> 9 h,Saturday,True,1,692,722
4319703577,2016-04-24,467.0,501.0,29.0,5.0,1.0,False,0.0,False,False,True,False,7.78,0.9321,34.0,00:09,08:30,6.15,7–9 h,Sunday,True,1,467,501
4319703577,2016-04-25,488.0,506.0,17.0,1.0,1.0,False,0.0,False,False,True,False,8.13,0.9644,18.0,23:10,07:36,5.17,7–9 h,Monday,False,1,488,506
4319703577,2016-04-26,505.0,516.0,10.0,1.0,1.0,False,0.0,False,False,True,False,8.42,0.9787,11.0,23:18,07:54,5.3,7–9 h,Tuesday,False,1,505,516
4319703577,2016-04-27,286.0,307.0,21.0,0.0,1.0,False,0.0,False,False,True,False,4.77,0.9316,21.0,02:29,07:36,8.48,< 6 h,Wednesday,False,1,286,307
4319703577,2016-04-28,497.0,522.0,17.0,8.0,1.0,False,0.0,False,False,True,False,8.28,0.9521,25.0,22:20,07:02,4.33,7–9 h,Thursday,False,1,497,522
4319703577,2016-04-29,523.0,546.0,19.0,4.0,1.0,False,0.0,False,False,True,False,8.72,0.9579,23.0,22:34,07:40,4.57,7–9 h,Friday,False,1,523,546
4319703577,2016-04-30,490.0,516.0,22.0,4.0,1.0,False,0.0,False,False,True,False,8.17,0.9496,26.0,23:18,07:54,5.3,7–9 h,Saturday,True,1,490,516
4319703577,2016-05-01,484.0,500.0,13.0,3.0,1.0,False,0.0,False,False,True,False,8.07,0.968,16.0,23:29,07:49,5.48,7–9 h,Sunday,True,1,484,500
4319703577,2016-05-02,478.0,506.0,25.0,3.0,1.0,False,0.0,False,False,True,False,7.97,0.9447,28.0,22:52,07:18,4.87,7–9 h,Monday,False,1,478,506
4319703577,2016-05-03,474.0,512.0,37.0,1.0,1.0,False,0.0,False,False,True,False,7.9,0.9258,38.0,22:58,07:30,4.97,7–9 h,Tuesday,False,1,474,512
4319703577,2016-05-06,450.0,491.0,35.0,6.0,1.0,False,0.0,False,False,True,False,7.5,0.9165,41.0,22:26,06:37,4.43,7–9 h,Friday,False,1,450,491
4319703577,2016-05-07,507.0,530.0,20.0,3.0,1.0,False,0.0,False,False,True,False,8.45,0.9566,23.0,23:40,08:30,5.67,7–9 h,Saturday,True,1,507,530
4319703577,2016-05-08,602.0,638.0,34.0,2.0,1.0,False,0.0,False,False,True,True,10.03,0.9436,36.0,23:26,10:04,5.43,> 9 h,Sunday,True,1,602,638
4319703577,2016-05-09,535.0,565.0,28.0,2.0,1.0,False,0.0,False,False,True,False,8.92,0.9469,30.0,22:41,08:06,4.68,7–9 h,Monday,False,1,535,565
4319703577,2016-05-10,487.0,517.0,27.0,3.0,1.0,False,0.0,False,False,True,False,8.12,0.942,30.0,22:47,07:24,4.78,7–9 h,Tuesday,False,1,487,517
4319703577,2016-05-11,529.0,558.0,29.0,0.0,1.0,False,0.0,False,False,True,False,8.82,0.948,29.0,22:23,07:41,4.38,7–9 h,Wednesday,False,1,529,558
4319703577,2016-05-12,302.0,321.0,18.0,1.0,1.0,False,0.0,False,False,True,False,5.03,0.9408,19.0,22:47,04:08,4.78,< 6 h,Thursday,False,1,302,321
4388161847,2016-04-15,499.0,526.0,17.0,10.0,1.0,False,0.0,False,False,True,False,8.32,0.9487,27.0,20:09,04:55,2.15,7–9 h,Friday,False,1,499,526
4388161847,2016-04-16,373.0,388.0,13.0,2.0,1.0,False,53.0,False,True,True,False,6.22,0.9613,15.0,23:51,06:19,5.85,6–7 h,Saturday,True,2,426,448
4388161847,2016-04-17,486.0,505.0,18.0,1.0,1.0,False,133.0,False,True,True,False,8.1,0.9624,19.0,21:56,06:21,3.93,7–9 h,Sunday,True,2,619,641
4388161847,2016-04-18,99.0,104.0,1.0,4.0,1.0,False,0.0,True,False,False,False,1.65,0.9519,5.0,20:59,22:43,2.98,,Monday,False,1,99,104
4388161847,2016-04-19,329.0,338.0,9.0,0.0,1.0,False,0.0,False,False,True,False,5.48,0.9734,9.0,23:15,04:53,5.25,< 6 h,Tuesday,False,1,329,338
4388161847,2016-04-20,421.0,451.0,26.0,4.0,1.0,False,0.0,False,False,True,False,7.02,0.9335,30.0,21:22,04:53,3.37,7–9 h,Wednesday,False,1,421,451
4388161847,2016-04-21,442.0,458.0,16.0,0.0,1.0,False,0.0,False,False,True,False,7.37,0.9651,16.0,21:18,04:56,3.3,7–9 h,Thursday,False,1,442,458
4388161847,2016-04-22,,,,,,False,82.0,True,True,False,False,,,,,,,,Friday,False,1,82,85
4388161847,2016-04-23,478.0,501.0,20.0,3.0,1.0,False,0.0,False,False,True,False,7.97,0.9541,23.0,22:32,06:53,4.53,7–9 h,Saturday,True,1,478,501
4388161847,2016-04-24,328.0,355.0,27.0,0.0,1.0,False,224.0,False,True,True,False,5.47,0.9239,27.0,00:18,06:13,6.3,< 6 h,Sunday,True,3,552,595
4388161847,2016-04-26,319.0,346.0,27.0,0.0,1.0,False,0.0,False,False,True,False,5.32,0.922,27.0,23:17,05:03,5.28,< 6 h,Tuesday,False,1,319,346
4388161847,2016-04-27,461.0,500.0,37.0,2.0,1.0,False,0.0,False,False,True,False,7.68,0.922,39.0,20:37,04:57,2.62,7–9 h,Wednesday,False,1,439,500
4388161847,2016-04-28,428.0,458.0,26.0,4.0,1.0,False,0.0,False,False,True,False,7.13,0.9345,30.0,21:22,05:00,3.37,7–9 h,Thursday,False,1,428,458
4388161847,2016-04-30,319.0,339.0,20.0,0.0,1.0,False,91.0,False,True,True,False,5.32,0.941,20.0,00:16,05:55,6.27,< 6 h,Saturday,True,2,409,430
4388161847,2016-05-01,547.0,597.0,42.0,8.0,1.0,False,0.0,False,False,True,False,9.12,0.9162,50.0,22:04,08:01,4.07,> 9 h,Sunday,True,1,547,597
4388161847,2016-05-02,368.0,376.0,3.0,5.0,2.0,False,0.0,False,False,True,False,6.13,0.9787,8.0,22:08,05:45,4.13,6–7 h,Monday,False,2,368,376
4388161847,2016-05-04,390.0,414.0,21.0,3.0,1.0,False,0.0,False,False,True,False,6.5,0.942,24.0,22:06,05:00,4.1,6–7 h,Wednesday,False,1,390,414
4388161847,2016-05-05,471.0,495.0,18.0,6.0,1.0,False,0.0,False,False,True,False,7.85,0.9515,24.0,20:39,04:54,2.65,7–9 h,Thursday,False,1,471,495
4388161847,2016-05-07,472.0,496.0,24.0,0.0,1.0,False,0.0,False,False,True,False,7.87,0.9516,24.0,00:03,08:19,6.05,7–9 h,Saturday,True,1,472,496
4388161847,2016-05-08,423.0,426.0,3.0,0.0,1.0,False,106.0,False,True,True,False,7.05,0.993,3.0,01:01,08:07,7.02,7–9 h,Sunday,True,2,529,541
4388161847,2016-05-09,62.0,65.0,1.0,2.0,1.0,False,0.0,True,False,False,False,1.03,0.9538,3.0,20:13,21:18,2.22,,Monday,False,1,62,65
4388161847,2016-05-10,360.0,375.0,15.0,0.0,1.0,False,0.0,False,False,True,False,6.0,0.96,15.0,22:48,05:03,4.8,6–7 h,Tuesday,False,1,354,375
4388161847,2016-05-11,474.0,494.0,17.0,3.0,1.0,False,0.0,False,False,True,False,7.9,0.9595,20.0,20:45,04:59,2.75,7–9 h,Wednesday,False,1,469,494
4445114986,2016-04-12,429.0,457.0,22.0,6.0,2.0,False,0.0,False,False,True,False,7.15,0.9387,28.0,01:44,11:15,7.73,7–9 h,Tuesday,False,2,429,457
4445114986,2016-04-13,293.0,325.0,25.0,7.0,1.0,False,77.0,False,True,True,False,4.88,0.9015,32.0,01:47,07:12,7.78,< 6 h,Wednesday,False,2,370,406
4445114986,2016-04-14,441.0,492.0,48.0,3.0,1.0,False,0.0,False,False,True,False,7.35,0.8963,51.0,03:05,11:17,9.08,7–9 h,Thursday,False,1,441,492
4445114986,2016-04-15,337.0,379.0,31.0,11.0,2.0,False,0.0,False,False,True,False,5.62,0.8892,42.0,00:35,07:15,6.58,< 6 h,Friday,False,2,337,379
4445114986,2016-04-16,462.0,499.0,29.0,8.0,1.0,False,0.0,False,False,True,False,7.7,0.9259,37.0,01:36,09:55,7.6,7–9 h,Saturday,True,1,462,499
4445114986,2016-04-17,98.0,107.0,6.0,3.0,1.0,False,0.0,True,False,False,False,1.63,0.9159,9.0,02:24,04:11,8.4,,Sunday,True,1,98,107
4445114986,2016-04-19,264.0,283.0,14.0,5.0,1.0,False,124.0,False,True,True,False,4.4,0.9329,19.0,01:43,06:26,7.72,< 6 h,Tuesday,False,2,388,424
4445114986,2016-04-20,439.0,462.0,20.0,3.0,1.0,False,0.0,False,False,True,False,7.32,0.9502,23.0,02:57,10:39,8.95,7–9 h,Wednesday,False,1,439,462
4445114986,2016-04-21,436.0,469.0,28.0,5.0,1.0,False,0.0,False,False,True,False,7.27,0.9296,33.0,03:11,11:00,9.18,7–9 h,Thursday,False,1,436,469
4445114986,2016-04-22,388.0,417.0,21.0,8.0,1.0,False,0.0,False,False,True,False,6.47,0.9305,29.0,03:17,10:14,9.28,6–7 h,Friday,False,1,388,417
4445114986,2016-04-25,329.0,345.0,9.0,7.0,1.0,False,0.0,False,False,True,False,5.48,0.9536,16.0,01:52,07:37,7.87,< 6 h,Monday,False,1,328,345
4445114986,2016-04-26,353.0,391.0,32.0,6.0,2.0,False,0.0,False,False,True,False,5.88,0.9028,38.0,02:17,10:13,8.28,< 6 h,Tuesday,False,2,353,391
4445114986,2016-04-27,332.0,374.0,37.0,5.0,1.0,False,0.0,False,False,True,False,5.53,0.8877,42.0,03:48,10:02,9.8,< 6 h,Wednesday,False,1,332,374
4445114986,2016-04-28,419.0,442.0,17.0,6.0,1.0,False,0.0,False,False,True,False,6.98,0.948,23.0,04:05,11:27,10.08,6–7 h,Thursday,False,1,419,442
4445114986,2016-04-29,106.0,108.0,2.0,0.0,1.0,False,0.0,True,False,False,False,1.77,0.9815,2.0,02:55,04:43,8.92,,Friday,False,1,106,108
4445114986,2016-04-30,322.0,353.0,25.0,6.0,1.0,False,0.0,False,False,True,False,5.37,0.9122,31.0,02:11,08:04,8.18,< 6 h,Saturday,True,1,322,353
4445114986,2016-05-01,439.0,459.0,15.0,5.0,2.0,False,0.0,False,False,True,False,7.32,0.9564,20.0,02:18,11:00,8.3,7–9 h,Sunday,True,2,439,459
4445114986,2016-05-02,503.0,542.0,34.0,5.0,1.0,False,0.0,False,False,True,False,8.38,0.928,39.0,02:12,11:14,8.2,7–9 h,Monday,False,1,502,542
4445114986,2016-05-03,303.0,325.0,22.0,0.0,1.0,False,114.0,False,True,True,False,5.05,0.9323,22.0,01:39,07:04,7.65,< 6 h,Tuesday,False,2,417,450
4445114986,2016-05-04,196.0,207.0,10.0,1.0,1.0,False,141.0,False,True,True,False,3.27,0.9469,11.0,08:02,11:29,14.03,< 6 h,Wednesday,False,2,337,363
4445114986,2016-05-05,462.0,513.0,42.0,9.0,2.0,False,0.0,False,False,True,False,7.7,0.9006,51.0,01:24,11:25,7.4,7–9 h,Thursday,False,2,462,513
4445114986,2016-05-06,274.0,291.0,13.0,4.0,1.0,False,100.0,False,True,True,False,4.57,0.9416,17.0,02:18,07:09,8.3,< 6 h,Friday,False,2,374,402
4445114986,2016-05-07,240.0,265.0,15.0,10.0,1.0,False,161.0,False,True,True,False,4.0,0.9057,25.0,02:52,07:17,8.87,< 6 h,Saturday,True,2,401,436
4445114986,2016-05-08,361.0,391.0,26.0,4.0,1.0,False,0.0,False,False,True,False,6.02,0.9233,30.0,02:34,09:05,8.57,6–7 h,Sunday,True,1,361,391
4445114986,2016-05-09,457.0,533.0,60.0,16.0,1.0,False,0.0,False,False,True,False,7.62,0.8574,76.0,00:51,09:44,6.85,7–9 h,Monday,False,1,457,533
4445114986,2016-05-10,405.0,426.0,14.0,7.0,1.0,False,0.0,False,False,True,False,6.75,0.9507,21.0,02:57,10:03,8.95,6–7 h,Tuesday,False,1,405,426
4445114986,2016-05-11,501.0,530.0,25.0,4.0,1.0,False,0.0,False,False,True,False,8.35,0.9453,29.0,01:23,10:13,7.38,7–9 h,Wednesday,False,1,499,530
4445114986,2016-05-12,483.0,501.0,13.0,5.0,1.0,False,0.0,False,False,True,False,8.05,0.9641,18.0,01:36,09:57,7.6,7–9 h,Thursday,False,1,483,501
4558609924,2016-04-21,126.0,137.0,6.0,5.0,1.0,False,0.0,True,False,False,False,2.1,0.9197,11.0,00:06,02:23,6.1,,Thursday,False,1,126,137
4558609924,2016-04-26,103.0,121.0,15.0,3.0,1.0,False,0.0,True,False,False,False,1.72,0.8512,18.0,22:41,00:42,4.68,,Tuesday,False,1,103,121
4558609924,2016-04-29,171.0,179.0,7.0,1.0,1.0,False,0.0,True,False,False,False,2.85,0.9553,8.0,22:44,01:43,4.73,,Friday,False,1,171,179
4558609924,2016-05-01,115.0,129.0,10.0,4.0,1.0,False,0.0,True,False,False,False,1.92,0.8915,14.0,20:32,22:41,2.53,,Sunday,True,1,115,129
4558609924,2016-05-08,123.0,134.0,11.0,0.0,1.0,False,0.0,True,False,False,False,2.05,0.9179,11.0,23:08,01:22,5.13,,Sunday,True,1,123,134
4702921684,2016-04-12,425.0,439.0,14.0,0.0,1.0,False,0.0,False,False,True,False,7.08,0.9681,14.0,23:09,06:28,5.15,7–9 h,Tuesday,False,1,425,439
4702921684,2016-04-13,400.0,430.0,27.0,3.0,2.0,False,0.0,False,False,True,False,6.67,0.9302,30.0,22:50,06:10,4.83,6–7 h,Wednesday,False,2,400,430
4702921684,2016-04-14,384.0,415.0,31.0,0.0,1.0,False,0.0,False,False,True,False,6.4,0.9253,31.0,23:15,06:10,5.25,6–7 h,Thursday,False,1,384,415
4702921684,2016-04-15,253.0,257.0,4.0,0.0,1.0,False,0.0,False,False,True,False,4.22,0.9844,4.0,23:34,03:51,5.57,< 6 h,Friday,False,1,253,257
4702921684,2016-04-16,382.0,406.0,22.0,2.0,2.0,False,0.0,False,False,True,False,6.37,0.9409,24.0,00:07,07:13,6.12,6–7 h,Saturday,True,2,382,406
4702921684,2016-04-17,591.0,612.0,21.0,0.0,1.0,False,0.0,False,False,True,False,9.85,0.9657,21.0,22:04,08:16,4.07,> 9 h,Sunday,True,1,591,612
4702921684,2016-04-18,293.0,312.0,16.0,3.0,1.0,False,0.0,False,False,True,False,4.88,0.9391,19.0,21:53,03:05,3.88,< 6 h,Monday,False,1,293,312
4702921684,2016-04-19,457.0,487.0,30.0,0.0,1.0,False,0.0,False,False,True,False,7.62,0.9384,30.0,21:58,06:05,3.97,7–9 h,Tuesday,False,1,457,487
4702921684,2016-04-20,454.0,468.0,14.0,0.0,1.0,False,0.0,False,False,True,False,7.57,0.9701,14.0,21:59,05:47,3.98,7–9 h,Wednesday,False,1,454,468
4702921684,2016-04-21,425.0,434.0,9.0,0.0,1.0,False,0.0,False,False,True,False,7.08,0.9793,9.0,22:36,05:50,4.6,7–9 h,Thursday,False,1,425,434
4702921684,2016-04-23,465.0,475.0,10.0,0.0,1.0,False,0.0,False,False,True,False,7.75,0.9789,10.0,23:33,07:28,5.55,7–9 h,Saturday,True,1,465,475
4702921684,2016-04-24,480.0,506.0,26.0,0.0,1.0,False,0.0,False,False,True,False,8.0,0.9486,26.0,23:21,07:47,5.35,7–9 h,Sunday,True,1,480,506
4702921684,2016-04-25,370.0,380.0,10.0,0.0,1.0,False,0.0,False,False,True,False,6.17,0.9737,10.0,23:20,05:40,5.33,6–7 h,Monday,False,1,370,380
4702921684,2016-04-26,421.0,429.0,7.0,1.0,1.0,False,0.0,False,False,True,False,7.02,0.9814,8.0,22:41,05:50,4.68,7–9 h,Tuesday,False,1,421,429
4702921684,2016-04-27,434.0,449.0,14.0,1.0,1.0,False,0.0,False,False,True,False,7.23,0.9666,15.0,22:20,05:49,4.33,7–9 h,Wednesday,False,1,432,449
4702921684,2016-04-28,442.0,461.0,18.0,1.0,1.0,False,0.0,False,False,True,False,7.37,0.9588,19.0,22:17,05:58,4.28,7–9 h,Thursday,False,1,442,461
4702921684,2016-04-29,433.0,447.0,14.0,0.0,1.0,False,0.0,False,False,True,False,7.22,0.9687,14.0,22:31,05:58,4.52,7–9 h,Friday,False,1,433,447
4702921684,2016-04-30,479.0,501.0,22.0,0.0,1.0,False,0.0,False,False,True,False,7.98,0.9561,22.0,22:28,06:49,4.47,7–9 h,Saturday,True,1,479,501
4702921684,2016-05-03,327.0,373.0,40.0,6.0,1.0,False,0.0,False,False,True,False,5.45,0.8767,46.0,22:51,05:04,4.85,< 6 h,Tuesday,False,1,327,373
4702921684,2016-05-04,412.0,434.0,20.0,2.0,1.0,False,0.0,False,False,True,False,6.87,0.9493,22.0,22:26,05:40,4.43,6–7 h,Wednesday,False,1,412,434
4702921684,2016-05-05,414.0,428.0,11.0,3.0,1.0,False,0.0,False,False,True,False,6.9,0.9673,14.0,22:48,05:56,4.8,6–7 h,Thursday,False,1,414,428
4702921684,2016-05-06,404.0,449.0,39.0,6.0,1.0,False,0.0,False,False,True,False,6.73,0.8998,45.0,22:35,06:04,4.58,6–7 h,Friday,False,1,404,449
4702921684,2016-05-07,520.0,543.0,21.0,2.0,1.0,False,0.0,False,False,True,False,8.67,0.9576,23.0,21:10,06:13,3.17,7–9 h,Saturday,True,1,520,543
4702921684,2016-05-09,435.0,458.0,22.0,1.0,1.0,False,0.0,False,False,True,False,7.25,0.9498,23.0,22:25,06:03,4.42,7–9 h,Monday,False,1,435,458
4702921684,2016-05-10,416.0,431.0,15.0,0.0,1.0,False,0.0,False,False,True,False,6.93,0.9652,15.0,22:54,06:05,4.9,6–7 h,Tuesday,False,1,416,431
4702921684,2016-05-11,354.0,366.0,8.0,4.0,1.0,False,0.0,False,False,True,False,5.9,0.9672,12.0,22:46,04:52,4.77,< 6 h,Wednesday,False,1,354,366
4702921684,2016-05-12,404.0,442.0,36.0,2.0,1.0,False,0.0,False,False,True,False,6.73,0.914,38.0,22:42,06:04,4.7,6–7 h,Thursday,False,1,404,442
5553957443,2016-04-12,441.0,464.0,20.0,3.0,1.0,False,0.0,False,False,True,False,7.35,0.9504,23.0,22:20,06:04,4.33,7–9 h,Tuesday,False,1,441,464
5553957443,2016-04-13,397.0,424.0,23.0,4.0,1.0,False,58.0,False,True,True,False,6.62,0.9363,27.0,00:19,07:23,6.32,6–7 h,Wednesday,False,2,455,488
5553957443,2016-04-14,357.0,418.0,58.0,3.0,1.0,False,0.0,False,False,True,False,5.95,0.8541,61.0,22:41,05:39,4.68,< 6 h,Thursday,False,1,357,418
5553957443,2016-04-15,377.0,409.0,29.0,3.0,1.0,False,0.0,False,False,True,False,6.28,0.9218,32.0,23:11,06:00,5.18,6–7 h,Friday,False,1,377,409
5553957443,2016-04-16,651.0,686.0,34.0,1.0,2.0,False,0.0,False,False,True,True,10.85,0.949,35.0,23:05,12:28,5.08,> 9 h,Saturday,True,2,651,686
5553957443,2016-04-17,350.0,402.0,51.0,1.0,1.0,False,0.0,False,False,True,False,5.83,0.8706,52.0,02:19,09:01,8.32,< 6 h,Sunday,True,1,350,402
5553957443,2016-04-18,433.0,450.0,17.0,0.0,1.0,False,87.0,False,True,True,False,7.22,0.9622,17.0,23:11,06:41,5.18,7–9 h,Monday,False,2,520,541
5553957443,2016-04-19,357.0,410.0,45.0,8.0,1.0,False,0.0,False,False,True,False,5.95,0.8707,53.0,22:00,04:50,4.0,< 6 h,Tuesday,False,1,357,410
5553957443,2016-04-20,658.0,678.0,16.0,4.0,1.0,False,0.0,False,False,True,True,10.97,0.9705,20.0,23:12,10:30,5.2,> 9 h,Wednesday,False,1,658,678
5553957443,2016-04-21,399.0,431.0,27.0,5.0,1.0,False,0.0,False,False,True,False,6.65,0.9258,32.0,22:56,06:07,4.93,6–7 h,Thursday,False,1,399,431
5553957443,2016-04-22,322.0,353.0,30.0,1.0,1.0,False,0.0,False,False,True,False,5.37,0.9122,31.0,23:55,05:48,5.92,< 6 h,Friday,False,1,322,353
5553957443,2016-04-23,534.0,613.0,70.0,9.0,1.0,False,97.0,False,True,True,False,8.9,0.8711,79.0,00:39,10:52,6.65,7–9 h,Saturday,True,2,631,725
5553957443,2016-04-24,484.0,568.0,76.0,8.0,1.0,False,69.0,False,True,True,False,8.07,0.8521,84.0,00:45,10:13,6.75,7–9 h,Sunday,True,2,553,640
5553957443,2016-04-25,433.0,468.0,33.0,2.0,1.0,False,0.0,False,False,True,False,7.22,0.9252,35.0,22:06,05:54,4.1,7–9 h,Monday,False,1,433,468
5553957443,2016-04-26,412.0,453.0,40.0,1.0,1.0,False,0.0,False,False,True,False,6.87,0.9095,41.0,22:29,06:02,4.48,6–7 h,Tuesday,False,1,412,453
5553957443,2016-04-27,347.0,391.0,42.0,2.0,1.0,False,0.0,False,False,True,False,5.78,0.8875,44.0,23:28,05:59,5.47,< 6 h,Wednesday,False,1,347,391
5553957443,2016-04-28,421.0,457.0,36.0,0.0,1.0,False,0.0,False,False,True,False,7.02,0.9212,36.0,22:23,06:00,4.38,7–9 h,Thursday,False,1,421,457
5553957443,2016-04-29,450.0,495.0,39.0,6.0,1.0,False,0.0,False,False,True,False,7.5,0.9091,45.0,21:55,06:10,3.92,7–9 h,Friday,False,1,450,495
5553957443,2016-04-30,666.0,724.0,49.0,9.0,1.0,False,109.0,False,True,True,True,11.1,0.9199,58.0,23:31,11:35,5.52,> 9 h,Saturday,True,2,775,843
5553957443,2016-05-01,553.0,613.0,48.0,12.0,1.0,False,69.0,False,True,True,False,9.22,0.9021,60.0,23:24,09:37,5.4,> 9 h,Sunday,True,2,622,686
5553957443,2016-05-02,409.0,471.0,48.0,14.0,1.0,False,0.0,False,False,True,False,6.82,0.8684,62.0,22:03,05:54,4.05,6–7 h,Monday,False,1,409,471
5553957443,2016-05-03,380.0,429.0,46.0,3.0,1.0,False,0.0,False,False,True,False,6.33,0.8858,49.0,22:17,05:26,4.28,6–7 h,Tuesday,False,1,380,429
5553957443,2016-05-04,447.0,470.0,20.0,3.0,1.0,False,0.0,False,False,True,False,7.45,0.9511,23.0,00:30,08:20,6.5,7–9 h,Wednesday,False,1,447,470
5553957443,2016-05-05,419.0,464.0,39.0,6.0,1.0,False,0.0,False,False,True,False,6.98,0.903,45.0,22:25,06:09,4.42,6–7 h,Thursday,False,1,419,464
5553957443,2016-05-06,400.0,434.0,28.0,6.0,1.0,False,0.0,False,False,True,False,6.67,0.9217,34.0,22:55,06:09,4.92,6–7 h,Friday,False,1,400,434
5553957443,2016-05-07,442.0,470.0,27.0,1.0,1.0,False,0.0,False,False,True,False,7.37,0.9404,28.0,23:09,06:59,5.15,7–9 h,Saturday,True,1,442,470
5553957443,2016-05-08,568.0,608.0,34.0,6.0,1.0,False,0.0,False,False,True,False,9.47,0.9342,40.0,23:37,09:45,5.62,> 9 h,Sunday,True,1,568,608
5553957443,2016-05-09,453.0,494.0,31.0,10.0,1.0,False,0.0,False,False,True,False,7.55,0.917,41.0,21:51,06:05,3.85,7–9 h,Monday,False,1,453,494
5553957443,2016-05-10,418.0,443.0,17.0,8.0,1.0,False,0.0,False,False,True,False,6.97,0.9436,25.0,22:44,06:07,4.73,6–7 h,Tuesday,False,1,418,443
5553957443,2016-05-11,463.0,486.0,22.0,1.0,1.0,False,0.0,False,False,True,False,7.72,0.9527,23.0,00:20,08:26,6.33,7–9 h,Wednesday,False,1,463,486
5553957443,2016-05-12,438.0,475.0,34.0,3.0,1.0,False,0.0,False,False,True,False,7.3,0.9221,37.0,21:49,05:44,3.82,7–9 h,Thursday,False,1,438,475
5577150313,2016-04-12,419.0,438.0,17.0,2.0,1.0,False,0.0,False,False,True,False,6.98,0.9566,19.0,22:41,05:59,4.68,6–7 h,Tuesday,False,1,419,438
5577150313,2016-04-13,432.0,458.0,23.0,3.0,1.0,False,0.0,False,False,True,False,7.2,0.9432,26.0,22:09,05:47,4.15,7–9 h,Wednesday,False,1,432,458
5577150313,2016-04-14,477.0,497.0,15.0,5.0,1.0,False,0.0,False,False,True,False,7.95,0.9598,20.0,21:33,05:50,3.55,7–9 h,Thursday,False,1,477,497
5577150313,2016-04-15,392.0,413.0,18.0,3.0,1.0,False,0.0,False,False,True,False,6.53,0.9492,21.0,22:16,05:09,4.27,6–7 h,Friday,False,1,392,413
5577150313,2016-04-16,406.0,445.0,19.0,20.0,1.0,False,0.0,False,False,True,False,6.77,0.9124,39.0,22:53,06:18,4.88,6–7 h,Saturday,True,1,406,445
5577150313,2016-04-17,549.0,583.0,30.0,4.0,1.0,False,0.0,False,False,True,False,9.15,0.9417,34.0,20:48,06:31,2.8,> 9 h,Sunday,True,1,549,583
5577150313,2016-04-18,527.0,553.0,23.0,3.0,1.0,False,0.0,False,False,True,False,8.78,0.953,26.0,21:52,07:05,3.87,7–9 h,Monday,False,1,527,553
5577150313,2016-04-19,449.0,465.0,16.0,0.0,1.0,False,0.0,False,False,True,False,7.48,0.9656,16.0,22:04,05:49,4.07,7–9 h,Tuesday,False,1,449,465
5577150313,2016-04-20,447.0,480.0,30.0,3.0,1.0,False,0.0,False,False,True,False,7.45,0.9312,33.0,22:04,06:04,4.07,7–9 h,Wednesday,False,1,447,480
5577150313,2016-04-21,414.0,437.0,20.0,3.0,1.0,False,0.0,False,False,True,False,6.9,0.9474,23.0,22:33,05:50,4.55,6–7 h,Thursday,False,1,414,437
5577150313,2016-04-22,338.0,366.0,17.0,11.0,1.0,False,0.0,False,False,True,False,5.63,0.9235,28.0,23:00,05:06,5.0,< 6 h,Friday,False,1,338,366
5577150313,2016-04-23,384.0,402.0,16.0,2.0,1.0,False,0.0,False,False,True,False,6.4,0.9552,18.0,23:41,06:23,5.68,6–7 h,Saturday,True,1,384,402
5577150313,2016-04-24,543.0,615.0,56.0,16.0,1.0,False,0.0,False,False,True,False,9.05,0.8829,72.0,21:21,07:36,3.35,> 9 h,Sunday,True,1,543,615
5577150313,2016-04-25,421.0,461.0,37.0,3.0,1.0,False,0.0,False,False,True,False,7.02,0.9132,40.0,21:38,05:19,3.63,7–9 h,Monday,False,1,421,461
5577150313,2016-04-26,354.0,377.0,21.0,2.0,1.0,False,0.0,False,False,True,False,5.9,0.939,23.0,22:55,05:12,4.92,< 6 h,Tuesday,False,1,354,377
5577150313,2016-04-27,424.0,452.0,27.0,1.0,1.0,False,0.0,False,False,True,False,7.07,0.9381,28.0,22:02,05:34,4.03,7–9 h,Wednesday,False,1,424,452
5577150313,2016-04-28,361.0,372.0,11.0,0.0,1.0,False,0.0,False,False,True,False,6.02,0.9704,11.0,22:56,05:08,4.93,6–7 h,Thursday,False,1,361,372
5577150313,2016-04-29,459.0,485.0,23.0,3.0,1.0,False,0.0,False,False,True,False,7.65,0.9464,26.0,21:31,05:36,3.52,7–9 h,Friday,False,1,459,485
5577150313,2016-04-30,412.0,433.0,19.0,2.0,1.0,False,0.0,False,False,True,False,6.87,0.9515,21.0,22:53,06:06,4.88,6–7 h,Saturday,True,1,412,433
5577150313,2016-05-01,379.0,398.0,18.0,1.0,1.0,False,0.0,False,False,True,False,6.32,0.9523,19.0,23:22,06:00,5.37,6–7 h,Sunday,True,1,379,398
5577150313,2016-05-02,431.0,448.0,13.0,4.0,1.0,False,94.0,False,True,True,False,7.18,0.9621,17.0,21:43,05:11,3.72,7–9 h,Monday,False,2,525,553
5577150313,2016-05-03,508.0,543.0,34.0,1.0,1.0,False,0.0,False,False,True,False,8.47,0.9355,35.0,12:25,21:28,18.42,7–9 h,Tuesday,False,1,508,543
5577150313,2016-05-04,603.0,634.0,27.0,4.0,1.0,False,0.0,False,False,True,True,10.05,0.9511,31.0,10:30,21:04,16.5,> 9 h,Wednesday,False,1,603,634
5577150313,2016-05-05,,,,,,False,74.0,True,True,False,False,,,,,,,,Thursday,False,1,74,78
5577150313,2016-05-10,504.0,562.0,37.0,21.0,1.0,False,0.0,False,False,True,False,8.4,0.8968,58.0,20:14,05:36,2.23,7–9 h,Tuesday,False,1,504,562
5577150313,2016-05-11,431.0,476.0,38.0,7.0,1.0,False,0.0,False,False,True,False,7.18,0.9055,45.0,21:50,05:46,3.83,7–9 h,Wednesday,False,1,431,476
6117666160,2016-04-16,380.0,398.0,17.0,1.0,1.0,False,0.0,False,False,True,False,6.33,0.9548,18.0,00:46,07:24,6.77,6–7 h,Saturday,True,1,380,398
6117666160,2016-04-17,247.0,259.0,12.0,0.0,1.0,False,89.0,False,True,True,False,4.12,0.9537,12.0,03:22,07:41,9.37,< 6 h,Sunday,True,2,336,350
6117666160,2016-04-18,493.0,510.0,13.0,4.0,2.0,False,0.0,False,False,True,False,8.22,0.9667,17.0,22:44,07:36,4.73,7–9 h,Monday,False,2,493,510
6117666160,2016-04-19,465.0,492.0,27.0,0.0,1.0,False,0.0,False,False,True,False,7.75,0.9451,27.0,23:54,08:06,5.9,7–9 h,Tuesday,False,1,465,492
6117666160,2016-04-20,474.0,502.0,26.0,2.0,1.0,False,0.0,False,False,True,False,7.9,0.9442,28.0,23:12,07:34,5.2,7–9 h,Wednesday,False,1,474,502
6117666160,2016-04-21,508.0,550.0,37.0,5.0,1.0,False,0.0,False,False,True,False,8.47,0.9236,42.0,23:47,08:57,5.78,7–9 h,Thursday,False,1,508,550
6117666160,2016-04-22,496.0,546.0,31.0,19.0,1.0,False,0.0,False,False,True,False,8.27,0.9084,50.0,00:26,09:32,6.43,7–9 h,Friday,False,1,480,546
6117666160,2016-04-23,494.0,539.0,29.0,16.0,1.0,False,0.0,False,False,True,False,8.23,0.9165,45.0,22:41,07:40,4.68,7–9 h,Saturday,True,1,492,539
6117666160,2016-04-24,353.0,367.0,13.0,1.0,1.0,False,0.0,False,False,True,False,5.88,0.9619,14.0,02:04,08:11,8.07,< 6 h,Sunday,True,1,353,367
6117666160,2016-04-27,542.0,557.0,14.0,1.0,1.0,False,0.0,False,False,True,False,9.03,0.9731,15.0,23:56,09:13,5.93,> 9 h,Wednesday,False,1,542,557
6117666160,2016-04-28,393.0,416.0,23.0,0.0,1.0,False,0.0,False,False,True,False,6.55,0.9447,23.0,23:48,06:44,5.8,6–7 h,Thursday,False,1,393,416
6117666160,2016-04-29,600.0,636.0,28.0,8.0,1.0,False,0.0,False,False,True,False,10.0,0.9434,36.0,21:43,08:19,3.72,> 9 h,Friday,False,1,600,636
6117666160,2016-05-01,507.0,575.0,44.0,24.0,1.0,False,0.0,False,False,True,False,8.45,0.8817,68.0,23:03,08:38,5.05,7–9 h,Sunday,True,1,507,575
6117666160,2016-05-05,392.0,415.0,19.0,4.0,1.0,False,0.0,False,False,True,False,6.53,0.9446,23.0,23:55,06:50,5.92,6–7 h,Thursday,False,1,392,415
6117666160,2016-05-06,583.0,613.0,26.0,4.0,1.0,False,75.0,False,True,True,False,9.72,0.9511,30.0,22:56,09:09,4.93,> 9 h,Friday,False,2,658,698
6117666160,2016-05-07,404.0,410.0,5.0,1.0,1.0,False,94.0,False,True,True,False,6.73,0.9854,6.0,01:01,07:51,7.02,6–7 h,Saturday,True,2,498,507
6117666160,2016-05-08,555.0,603.0,35.0,13.0,1.0,False,0.0,False,False,True,False,9.25,0.9204,48.0,22:55,08:58,4.92,> 9 h,Sunday,True,1,555,603
6117666160,2016-05-09,492.0,522.0,25.0,5.0,1.0,False,0.0,False,False,True,False,8.2,0.9425,30.0,22:53,07:35,4.88,7–9 h,Monday,False,1,492,522
6775888955,2016-04-13,235.0,260.0,17.0,8.0,1.0,False,0.0,False,False,True,False,3.92,0.9038,25.0,02:49,07:09,8.82,< 6 h,Wednesday,False,1,235,260
6775888955,2016-04-14,423.0,441.0,13.0,5.0,1.0,False,0.0,False,False,True,False,7.05,0.9592,18.0,23:53,07:14,5.88,7–9 h,Thursday,False,1,423,441
6775888955,2016-04-15,391.0,406.0,11.0,4.0,1.0,False,0.0,False,False,True,False,6.52,0.9631,15.0,00:11,06:57,6.18,6–7 h,Friday,False,1,391,406
6962181067,2016-04-12,366.0,387.0,18.0,3.0,1.0,False,0.0,False,False,True,False,6.1,0.9457,21.0,00:23,06:50,6.38,6–7 h,Tuesday,False,1,366,387
6962181067,2016-04-13,630.0,679.0,42.0,7.0,3.0,False,0.0,False,False,True,True,10.5,0.9278,49.0,23:56,11:58,5.93,> 9 h,Wednesday,False,3,630,679
6962181067,2016-04-14,508.0,535.0,21.0,6.0,2.0,False,0.0,False,False,True,False,8.47,0.9495,27.0,23:17,08:13,5.28,7–9 h,Thursday,False,2,508,535
6962181067,2016-04-15,370.0,386.0,14.0,2.0,1.0,False,0.0,False,False,True,False,6.17,0.9585,16.0,00:23,06:49,6.38,6–7 h,Friday,False,1,370,386
6962181067,2016-04-16,357.0,366.0,5.0,4.0,1.0,False,0.0,False,False,True,False,5.95,0.9754,9.0,01:36,07:42,7.6,< 6 h,Saturday,True,1,357,366
6962181067,2016-04-17,427.0,446.0,16.0,3.0,1.0,False,0.0,False,False,True,False,7.12,0.9574,19.0,00:06,07:32,6.1,7–9 h,Sunday,True,1,427,446
6962181067,2016-04-18,442.0,458.0,13.0,3.0,1.0,False,0.0,False,False,True,False,7.37,0.9651,16.0,23:13,06:51,5.22,7–9 h,Monday,False,1,442,458
6962181067,2016-04-19,476.0,535.0,55.0,4.0,1.0,False,0.0,False,False,True,False,7.93,0.8897,59.0,23:13,08:08,5.22,7–9 h,Tuesday,False,1,476,535
6962181067,2016-04-20,418.0,424.0,5.0,1.0,1.0,False,0.0,False,False,True,False,6.97,0.9858,6.0,23:38,06:42,5.63,6–7 h,Wednesday,False,1,418,424
6962181067,2016-04-21,451.0,457.0,6.0,0.0,1.0,False,0.0,False,False,True,False,7.52,0.9869,6.0,23:10,06:47,5.17,7–9 h,Thursday,False,1,451,457
6962181067,2016-04-22,425.0,435.0,10.0,0.0,1.0,False,0.0,False,False,True,False,7.08,0.977,10.0,23:29,06:44,5.48,7–9 h,Friday,False,1,425,435
6962181067,2016-04-23,528.0,546.0,15.0,3.0,1.0,False,0.0,False,False,True,False,8.8,0.967,18.0,22:46,07:52,4.77,7–9 h,Saturday,True,1,528,546
6962181067,2016-04-24,511.0,514.0,3.0,0.0,1.0,False,0.0,False,False,True,False,8.52,0.9942,3.0,00:00,08:34,6.0,7–9 h,Sunday,True,1,511,514
6962181067,2016-04-25,400.0,415.0,11.0,4.0,1.0,False,0.0,False,False,True,False,6.67,0.9639,15.0,23:53,06:48,5.88,6–7 h,Monday,False,1,400,415
6962181067,2016-04-26,441.0,446.0,5.0,0.0,1.0,False,0.0,False,False,True,False,7.35,0.9888,5.0,23:13,06:39,5.22,7–9 h,Tuesday,False,1,441,446
6962181067,2016-04-27,455.0,467.0,11.0,1.0,1.0,False,0.0,False,False,True,False,7.58,0.9743,12.0,22:56,06:43,4.93,7–9 h,Wednesday,False,1,455,467
6962181067,2016-04-28,440.0,453.0,11.0,2.0,1.0,False,0.0,False,False,True,False,7.33,0.9713,13.0,23:44,07:17,5.73,7–9 h,Thursday,False,1,440,453
6962181067,2016-04-29,433.0,447.0,14.0,0.0,1.0,False,0.0,False,False,True,False,7.22,0.9687,14.0,23:12,06:39,5.2,7–9 h,Friday,False,1,433,447
6962181067,2016-04-30,422.0,424.0,2.0,0.0,1.0,False,0.0,False,False,True,False,7.03,0.9953,2.0,01:29,08:33,7.48,7–9 h,Saturday,True,1,422,424
6962181067,2016-05-01,411.0,426.0,12.0,3.0,1.0,False,0.0,False,False,True,False,6.85,0.9648,15.0,00:24,07:30,6.4,6–7 h,Sunday,True,1,411,426
6962181067,2016-05-02,466.0,482.0,14.0,2.0,1.0,False,0.0,False,False,True,False,7.77,0.9668,16.0,22:43,06:45,4.72,7–9 h,Monday,False,1,466,482
6962181067,2016-05-03,394.0,418.0,17.0,7.0,1.0,False,0.0,False,False,True,False,6.57,0.9426,24.0,23:50,06:48,5.83,6–7 h,Tuesday,False,1,394,418
6962181067,2016-05-04,442.0,455.0,12.0,1.0,1.0,False,0.0,False,False,True,False,7.37,0.9714,13.0,23:06,06:41,5.1,7–9 h,Wednesday,False,1,442,455
6962181067,2016-05-05,467.0,491.0,21.0,3.0,1.0,False,0.0,False,False,True,False,7.78,0.9511,24.0,23:39,07:50,5.65,7–9 h,Thursday,False,1,467,491
6962181067,2016-05-06,443.0,462.0,15.0,4.0,1.0,False,0.0,False,False,True,False,7.38,0.9589,19.0,23:22,07:04,5.37,7–9 h,Friday,False,1,443,462
6962181067,2016-05-07,298.0,334.0,25.0,11.0,1.0,False,0.0,False,False,True,False,4.97,0.8922,36.0,03:10,08:44,9.17,< 6 h,Saturday,True,1,298,334
6962181067,2016-05-08,541.0,569.0,22.0,6.0,1.0,False,0.0,False,False,True,False,9.02,0.9508,28.0,23:27,08:56,5.45,> 9 h,Sunday,True,1,541,569
6962181067,2016-05-09,489.0,497.0,8.0,0.0,1.0,False,0.0,False,False,True,False,8.15,0.9839,8.0,23:30,07:47,5.5,7–9 h,Monday,False,1,489,497
6962181067,2016-05-10,469.0,481.0,10.0,2.0,1.0,False,0.0,False,False,True,False,7.82,0.9751,12.0,22:49,06:50,4.82,7–9 h,Tuesday,False,1,469,481
6962181067,2016-05-11,452.0,480.0,26.0,2.0,1.0,False,0.0,False,False,True,False,7.53,0.9417,28.0,23:27,07:27,5.45,7–9 h,Wednesday,False,1,452,480
6962181067,2016-05-12,516.0,535.0,17.0,2.0,1.0,False,0.0,False,False,True,False,8.6,0.9645,19.0,23:06,08:01,5.1,7–9 h,Thursday,False,1,516,535
7007744171,2016-04-16,,,,,,False,79.0,True,True,False,False,,,,,,,,Saturday,True,1,79,82
7007744171,2016-05-01,,,,,,False,58.0,True,True,False,False,,,,,,,,Sunday,True,1,58,61
7086361926,2016-04-12,514.0,525.0,9.0,2.0,1.0,False,0.0,False,False,True,False,8.57,0.979,11.0,22:11,06:56,4.18,7–9 h,Tuesday,False,1,514,525
7086361926,2016-04-13,451.0,465.0,13.0,1.0,1.0,False,0.0,False,False,True,False,7.52,0.9699,14.0,23:00,06:45,5.0,7–9 h,Wednesday,False,1,451,465
7086361926,2016-04-14,472.0,476.0,4.0,0.0,1.0,False,0.0,False,False,True,False,7.87,0.9916,4.0,22:41,06:37,4.68,7–9 h,Thursday,False,1,472,476
7086361926,2016-04-15,377.0,386.0,8.0,1.0,1.0,False,0.0,False,False,True,False,6.28,0.9767,9.0,00:19,06:45,6.32,6–7 h,Friday,False,1,377,386
7086361926,2016-04-19,472.0,483.0,11.0,0.0,1.0,False,0.0,False,False,True,False,7.87,0.9772,11.0,22:42,06:45,4.7,7–9 h,Tuesday,False,1,472,483
7086361926,2016-04-20,492.0,502.0,10.0,0.0,1.0,False,0.0,False,False,True,False,8.2,0.9801,10.0,22:16,06:38,4.27,7–9 h,Wednesday,False,1,492,502
7086361926,2016-04-21,390.0,411.0,14.0,7.0,1.0,False,0.0,False,False,True,False,6.5,0.9489,21.0,00:06,06:57,6.1,6–7 h,Thursday,False,1,390,411
7086361926,2016-04-22,428.0,448.0,13.0,7.0,1.0,False,0.0,False,False,True,False,7.13,0.9554,20.0,23:20,06:48,5.33,7–9 h,Friday,False,1,428,448
7086361926,2016-04-24,681.0,704.0,23.0,0.0,1.0,False,0.0,False,False,True,True,11.35,0.9673,23.0,00:27,12:11,6.45,> 9 h,Sunday,True,1,681,704
7086361926,2016-04-25,446.0,447.0,1.0,0.0,1.0,False,0.0,False,False,True,False,7.43,0.9978,1.0,23:15,06:42,5.25,7–9 h,Monday,False,1,446,447
7086361926,2016-04-26,485.0,500.0,15.0,0.0,1.0,False,0.0,False,False,True,False,8.08,0.97,15.0,22:25,06:45,4.42,7–9 h,Tuesday,False,1,485,500
7086361926,2016-04-27,469.0,479.0,10.0,0.0,1.0,False,0.0,False,False,True,False,7.82,0.9791,10.0,22:46,06:45,4.77,7–9 h,Wednesday,False,1,469,479
7086361926,2016-04-28,354.0,367.0,9.0,4.0,1.0,False,0.0,False,False,True,False,5.9,0.9646,13.0,00:43,06:50,6.72,< 6 h,Thursday,False,1,354,367
7086361926,2016-04-30,485.0,489.0,2.0,2.0,1.0,False,0.0,False,False,True,False,8.08,0.9918,4.0,01:30,09:39,7.5,7–9 h,Saturday,True,1,485,489
7086361926,2016-05-01,388.0,407.0,12.0,7.0,1.0,False,0.0,False,False,True,False,6.47,0.9533,19.0,00:28,07:15,6.47,6–7 h,Sunday,True,1,388,407
7086361926,2016-05-02,440.0,459.0,16.0,3.0,1.0,False,0.0,False,False,True,False,7.33,0.9586,19.0,23:15,06:54,5.25,7–9 h,Monday,False,1,440,459
7086361926,2016-05-03,456.0,461.0,5.0,0.0,1.0,False,0.0,False,False,True,False,7.6,0.9892,5.0,23:02,06:43,5.03,7–9 h,Tuesday,False,1,456,461
7086361926,2016-05-04,420.0,436.0,16.0,0.0,1.0,False,0.0,False,False,True,False,7.0,0.9633,16.0,23:29,06:45,5.48,7–9 h,Wednesday,False,1,420,436
7086361926,2016-05-06,322.0,333.0,10.0,1.0,1.0,False,0.0,False,False,True,False,5.37,0.967,11.0,01:15,06:48,7.25,< 6 h,Friday,False,1,322,333
7086361926,2016-05-07,530.0,548.0,17.0,1.0,1.0,False,0.0,False,False,True,False,8.83,0.9672,18.0,00:29,09:37,6.48,7–9 h,Saturday,True,1,530,548
7086361926,2016-05-08,481.0,510.0,20.0,9.0,1.0,False,0.0,False,False,True,False,8.02,0.9431,29.0,00:06,08:36,6.1,7–9 h,Sunday,True,1,481,510
7086361926,2016-05-09,427.0,438.0,11.0,0.0,1.0,False,0.0,False,False,True,False,7.12,0.9749,11.0,23:31,06:49,5.52,7–9 h,Monday,False,1,427,438
7086361926,2016-05-11,451.0,463.0,11.0,1.0,1.0,False,0.0,False,False,True,False,7.52,0.9741,12.0,23:03,06:46,5.05,7–9 h,Wednesday,False,1,451,463
7086361926,2016-05-12,444.0,457.0,13.0,0.0,1.0,False,0.0,False,False,True,False,7.4,0.9716,13.0,23:09,06:46,5.15,7–9 h,Thursday,False,1,444,457
8053475328,2016-04-20,486.0,493.0,4.0,3.0,1.0,False,0.0,False,False,True,False,8.1,0.9858,7.0,02:29,10:42,8.48,7–9 h,Wednesday,False,1,486,493
8053475328,2016-04-23,331.0,337.0,1.0,5.0,1.0,False,0.0,False,False,True,False,5.52,0.9822,6.0,03:36,09:13,9.6,< 6 h,Saturday,True,1,331,337
8053475328,2016-05-07,,,,,,False,74.0,True,True,False,False,,,,,,,,Saturday,True,1,74,75
8378563200,2016-04-12,338.0,356.0,16.0,2.0,1.0,False,0.0,False,False,True,False,5.63,0.9494,18.0,22:19,04:15,4.32,< 6 h,Tuesday,False,1,338,356
8378563200,2016-04-13,447.0,487.0,36.0,4.0,2.0,False,0.0,False,False,True,False,7.45,0.9179,40.0,20:14,04:24,2.23,7–9 h,Wednesday,False,2,447,487
8378563200,2016-04-14,424.0,455.0,28.0,3.0,1.0,False,0.0,False,False,True,False,7.07,0.9319,31.0,20:40,04:15,2.67,7–9 h,Thursday,False,1,424,455
8378563200,2016-04-15,513.0,533.0,15.0,5.0,1.0,False,0.0,False,False,True,False,8.55,0.9625,20.0,21:12,06:05,3.2,7–9 h,Friday,False,1,513,533
8378563200,2016-04-16,494.0,551.0,51.0,6.0,1.0,False,117.0,False,True,True,False,8.23,0.8966,57.0,22:47,07:58,4.78,7–9 h,Saturday,True,2,611,689
8378563200,2016-04-17,433.0,462.0,25.0,4.0,1.0,False,92.0,False,True,True,False,7.22,0.9372,29.0,23:26,07:08,5.43,7–9 h,Sunday,True,2,525,591
8378563200,2016-04-18,398.0,451.0,49.0,4.0,1.0,False,0.0,False,False,True,False,6.63,0.8825,53.0,20:49,04:20,2.82,6–7 h,Monday,False,1,398,451
8378563200,2016-04-19,387.0,421.0,27.0,7.0,1.0,False,0.0,False,False,True,False,6.45,0.9192,34.0,21:21,04:22,3.35,6–7 h,Tuesday,False,1,387,421
8378563200,2016-04-20,381.0,409.0,26.0,2.0,1.0,False,0.0,False,False,True,False,6.35,0.9315,28.0,21:32,04:21,3.53,6–7 h,Wednesday,False,1,381,409
8378563200,2016-04-21,396.0,417.0,17.0,4.0,1.0,False,0.0,False,False,True,False,6.6,0.9496,21.0,21:23,04:20,3.38,6–7 h,Thursday,False,1,396,417
8378563200,2016-04-22,441.0,469.0,23.0,5.0,1.0,False,0.0,False,False,True,False,7.35,0.9403,28.0,20:35,04:24,2.58,7–9 h,Friday,False,1,441,469
8378563200,2016-04-23,565.0,591.0,20.0,6.0,1.0,False,0.0,False,False,True,False,9.42,0.956,26.0,21:57,07:48,3.95,> 9 h,Saturday,True,1,565,591
8378563200,2016-04-24,458.0,492.0,28.0,6.0,1.0,False,0.0,False,False,True,False,7.63,0.9309,34.0,22:53,07:05,4.88,7–9 h,Sunday,True,1,458,492
8378563200,2016-04-25,388.0,402.0,14.0,0.0,1.0,False,0.0,False,False,True,False,6.47,0.9652,14.0,21:34,04:16,3.57,6–7 h,Monday,False,1,388,402
8378563200,2016-04-26,550.0,584.0,31.0,3.0,1.0,False,0.0,False,False,True,False,9.17,0.9418,34.0,20:23,06:07,2.38,> 9 h,Tuesday,False,1,550,584
8378563200,2016-04-27,541.0,600.0,47.0,12.0,1.0,False,0.0,False,False,True,False,9.02,0.9017,59.0,20:29,06:29,2.48,> 9 h,Wednesday,False,1,531,600
8378563200,2016-04-28,506.0,556.0,41.0,9.0,1.0,False,0.0,False,False,True,False,8.43,0.9101,50.0,21:05,06:21,3.08,7–9 h,Thursday,False,1,506,556
8378563200,2016-04-29,527.0,562.0,32.0,3.0,1.0,False,0.0,False,False,True,False,8.78,0.9377,35.0,20:52,06:14,2.87,7–9 h,Friday,False,1,527,562
8378563200,2016-04-30,468.0,555.0,71.0,16.0,1.0,False,0.0,False,False,True,False,7.8,0.8432,87.0,22:03,07:18,4.05,7–9 h,Saturday,True,1,468,555
8378563200,2016-05-01,475.0,539.0,52.0,12.0,1.0,False,0.0,False,False,True,False,7.92,0.8813,64.0,22:19,07:18,4.32,7–9 h,Sunday,True,1,475,539
8378563200,2016-05-02,351.0,385.0,30.0,4.0,1.0,False,0.0,False,False,True,False,5.85,0.9117,34.0,21:56,04:21,3.93,< 6 h,Monday,False,1,351,385
8378563200,2016-05-03,405.0,429.0,21.0,3.0,1.0,False,0.0,False,False,True,False,6.75,0.9441,24.0,21:12,04:21,3.2,6–7 h,Tuesday,False,1,405,429
8378563200,2016-05-04,441.0,477.0,30.0,6.0,1.0,False,0.0,False,False,True,False,7.35,0.9245,36.0,22:49,06:46,4.82,7–9 h,Wednesday,False,1,441,477
8378563200,2016-05-05,381.0,417.0,26.0,10.0,1.0,False,0.0,False,False,True,False,6.35,0.9137,36.0,21:22,04:19,3.37,6–7 h,Thursday,False,1,381,417
8378563200,2016-05-06,323.0,355.0,23.0,9.0,1.0,False,0.0,False,False,True,False,5.38,0.9099,32.0,21:46,03:41,3.77,< 6 h,Friday,False,1,323,355
8378563200,2016-05-07,231.0,261.0,20.0,10.0,1.0,False,228.0,False,True,True,False,3.85,0.8851,30.0,04:15,08:36,10.25,< 6 h,Saturday,True,2,459,513
8378563200,2016-05-08,553.0,606.0,41.0,12.0,1.0,False,0.0,False,False,True,False,9.22,0.9125,53.0,22:59,09:05,4.98,> 9 h,Sunday,True,1,545,606
8378563200,2016-05-09,359.0,399.0,34.0,6.0,1.0,False,0.0,False,False,True,False,5.98,0.8997,40.0,21:45,04:24,3.75,< 6 h,Monday,False,1,359,399
8378563200,2016-05-10,362.0,391.0,23.0,6.0,1.0,False,0.0,False,False,True,False,6.03,0.9258,29.0,21:32,04:03,3.53,6–7 h,Tuesday,False,1,342,391
8378563200,2016-05-11,368.0,387.0,18.0,1.0,1.0,False,0.0,False,False,True,False,6.13,0.9509,19.0,21:52,04:19,3.87,6–7 h,Wednesday,False,1,368,387
8378563200,2016-05-12,499.0,546.0,40.0,7.0,1.0,False,0.0,False,False,True,False,8.32,0.9139,47.0,21:29,06:35,3.48,7–9 h,Thursday,False,1,496,546
8792009665,2016-04-12,458.0,493.0,32.0,3.0,1.0,False,0.0,False,False,True,False,7.63,0.929,35.0,01:51,10:04,7.85,7–9 h,Tuesday,False,1,458,493
8792009665,2016-04-13,531.0,552.0,18.0,3.0,1.0,False,0.0,False,False,True,False,8.85,0.962,21.0,01:18,10:30,7.3,7–9 h,Wednesday,False,1,531,552
8792009665,2016-04-14,486.0,503.0,17.0,0.0,1.0,False,0.0,False,False,True,False,8.1,0.9662,17.0,02:34,10:57,8.57,7–9 h,Thursday,False,1,486,503
8792009665,2016-04-15,363.0,377.0,13.0,1.0,1.0,False,0.0,False,False,True,False,6.05,0.9629,14.0,03:17,09:34,9.28,6–7 h,Friday,False,1,363,377
8792009665,2016-04-20,528.0,547.0,15.0,4.0,1.0,False,0.0,False,False,True,False,8.8,0.9653,19.0,02:13,11:20,8.22,7–9 h,Wednesday,False,1,528,547
8792009665,2016-04-22,391.0,407.0,12.0,4.0,1.0,False,0.0,False,False,True,False,6.52,0.9607,16.0,02:02,08:49,8.03,6–7 h,Friday,False,1,391,407
8792009665,2016-04-23,339.0,360.0,20.0,1.0,1.0,False,0.0,False,False,True,False,5.65,0.9417,21.0,03:15,09:15,9.25,< 6 h,Saturday,True,1,339,360
8792009665,2016-04-27,423.0,428.0,5.0,0.0,1.0,False,0.0,False,False,True,False,7.05,0.9883,5.0,02:11,09:19,8.18,7–9 h,Wednesday,False,1,423,428
8792009665,2016-04-28,402.0,416.0,11.0,3.0,1.0,False,0.0,False,False,True,False,6.7,0.9663,14.0,02:43,09:39,8.72,6–7 h,Thursday,False,1,402,416
8792009665,2016-04-29,398.0,406.0,6.0,2.0,1.0,False,0.0,False,False,True,False,6.63,0.9803,8.0,02:19,09:05,8.32,6–7 h,Friday,False,1,398,406
8792009665,2016-04-30,343.0,360.0,15.0,2.0,1.0,False,0.0,False,False,True,False,5.72,0.9528,17.0,02:20,08:20,8.33,< 6 h,Saturday,True,1,343,360
8792009665,2016-05-01,503.0,527.0,24.0,0.0,1.0,False,0.0,False,False,True,False,8.38,0.9545,24.0,01:04,09:51,7.07,7–9 h,Sunday,True,1,503,527
8792009665,2016-05-02,415.0,423.0,8.0,0.0,1.0,False,0.0,False,False,True,False,6.92,0.9811,8.0,02:34,09:37,8.57,6–7 h,Monday,False,1,415,423
8792009665,2016-05-03,516.0,545.0,27.0,2.0,1.0,False,0.0,False,False,True,False,8.6,0.9468,29.0,02:00,11:05,8.0,7–9 h,Tuesday,False,1,516,545
8792009665,2016-05-04,439.0,463.0,22.0,2.0,1.0,False,0.0,False,False,True,False,7.32,0.9482,24.0,02:21,10:04,8.35,7–9 h,Wednesday,False,1,439,463
