user_id,days_in_study,first_date,last_date,clean_days,clean_day_share,non_wear_days,partial_days,low_data_user,stopped_early,stopped_final_week,typical_steps,typical_active_min,typical_mvpa_min,typical_distance_km,typical_calories,weekly_mvpa_min,goal_10k_rate,steps_cv,weekday_steps,weekend_steps,steps_1st_half,steps_2nd_half,peak_activity_hour,preferred_workout_time,activity_segment,meets_activity_guideline,week_pattern,routine_consistency,activity_trend,engagement_tier,reliable_nights,tracks_sleep,sleep_adoption_level,logs_weight,n_logged_days,logs_workouts,features_used,typical_sleep_hours,typical_sleep_efficiency,typical_bedtime_hrs_after_6pm,bedtime_regularity,typical_wake_time,nap_rate,low_sleep_data_user,typical_bedtime,bedtime_group,restless_sleeper,bmi,weight_kg,n_weight_logs,manual_share,bmi_category,weight_habit,hr_days,typical_resting_hr,typical_hr_minutes_above_100,has_hr_data,low_hr_data_user,persona
1503960366,31,2016-04-12,2016-05-12,30,0.968,0,0,False,False,False,12438.0,286.5,58.0,8.08,1848.0,419.0,0.9,0.168,12767.0,11297.0,12669.0,12207.0,18,Evening,Active,True,Weekday-active,Very regular,Stable,Consistent,25,True,Consistent,True,0,False,2,5.63,0.9356,8.38,1.01,8:33 AM,0.04,False,2:23 AM,Late,False,22.6,52.6,2.0,1.0,Normal,False,0,,,False,False,Committed Movers
1624580081,31,2016-04-12,2016-05-12,29,0.935,0,1,False,False,False,4974.0,152.0,0.0,3.23,1446.0,108.0,0.069,1.055,3134.0,6125.5,6262.0,2759.0,10,Morning,Sedentary,False,Weekend-active,Irregular,Falling,Consistent,0,False,Never,False,0,False,0,,,,,,,False,,,,,,,,,,0,,,False,False,Daily Strollers
1644430081,30,2016-04-12,2016-05-11,26,0.839,0,3,False,False,True,7566.5,207.0,34.5,5.51,2944.5,243.0,0.269,0.521,7132.0,8757.0,7566.5,7945.5,19,Evening,Somewhat active,True,Weekend-active,Irregular,Stable,Consistent,0,True,Tried,False,0,False,1,,,,,,0.75,True,,,,,,,,,,0,,,False,False,Committed Movers
1844505072,31,2016-04-12,2016-05-12,12,0.387,12,6,False,False,False,4924.5,238.0,0.0,3.26,1841.5,22.0,0.0,0.277,5150.5,4269.5,5150.5,4489.5,20,Evening,Sedentary,False,Weekday-active,Very regular,Falling,Irregular,0,True,Tried,False,0,False,1,,,,,,0.0,True,,,,,,,,,,0,,,False,False,Slipping Starters
1927972279,31,2016-04-12,2016-05-12,7,0.226,13,10,False,False,False,2163.0,95.0,0.0,1.5,2383.0,24.0,0.0,0.445,1786.0,2824.5,2554.0,1786.0,13,No workouts,Sedentary,False,Weekend-active,Irregular,Falling,Barely using,4,True,Tried,True,0,False,2,,,,,,0.4,True,,,,47.5,133.5,1.0,0.0,Obese,False,0,,,False,False,Fading Users
2022484408,31,2016-04-12,2016-05-12,27,0.871,0,3,False,False,False,11875.0,335.0,56.0,8.35,2601.0,420.0,0.963,0.189,11821.5,13481.0,11949.5,11768.0,9,Morning,Active,True,Weekend-active,Very regular,Stable,Consistent,0,False,Never,False,0,False,0,,,,,,,False,,,,,,,,,,25,60.0,70.0,True,False,Committed Movers
2026352035,31,2016-04-12,2016-05-12,28,0.903,0,2,False,False,False,5730.5,259.0,0.0,3.57,1565.5,3.0,0.107,0.472,6017.0,4193.0,3655.5,6469.5,16,No workouts,Low active,False,Weekday-active,Irregular,Rising,Consistent,28,True,Consistent,False,0,False,1,8.61,0.9417500000000001,3.1399999999999997,0.38,6:11 AM,0.0,False,9:08 PM,Early,False,,,,,,,0,,,True,True,Daily Strollers
2320127002,31,2016-04-12,2016-05-12,23,0.742,0,7,False,False,False,5205.0,242.0,0.0,3.51,1811.0,30.0,0.043,0.299,5790.0,5079.0,5394.0,5202.0,15,Afternoon,Low active,False,Weekday-active,Normal,Stable,Irregular,0,True,Tried,False,0,False,1,,,,,,0.0,True,,,,,,,,,,0,,,False,False,Slipping Starters
2347167796,18,2016-04-12,2016-04-29,17,0.548,0,0,False,True,False,10080.0,303.0,35.0,6.7,2095.0,252.0,0.529,0.413,10080.0,13186.0,10080.0,8431.0,8,Morning,Active,True,Weekend-active,Irregular,Falling,Barely using,15,True,Regular,False,0,False,1,7.42,0.9047,4.73,0.65,6:51 AM,0.0,False,10:44 PM,Typical,False,,,,,,,17,60.0,46.0,True,False,Fading Users
2873212765,31,2016-04-12,2016-05-12,29,0.935,0,1,False,False,False,7910.0,353.0,8.0,5.32,1910.0,131.0,0.0,0.194,7836.0,8168.0,7948.0,7625.5,8,Morning,Somewhat active,False,Steady,Very regular,Stable,Consistent,0,False,Never,True,0,False,1,,,,,,,False,,,,21.6,57.0,2.0,1.0,Normal,False,0,,,False,False,Committed Movers
3372868164,20,2016-04-12,2016-05-01,19,0.613,0,0,False,True,False,7396.0,357.0,18.0,5.07,1985.0,98.0,0.0,0.235,7581.0,6905.0,7396.0,6708.0,10,Morning,Low active,False,Steady,Very regular,Stable,Barely using,0,False,Never,False,0,False,0,,,,,,,False,,,,,,,,,,0,,,False,False,Fading Users
3977333714,30,2016-04-12,2016-05-11,29,0.935,0,0,False,False,True,11658.0,264.0,86.0,7.83,1574.0,580.0,0.759,0.221,11388.0,12648.0,11177.0,12692.0,22,Evening,Active,True,Weekend-active,Very regular,Rising,Consistent,27,True,Consistent,False,0,False,1,4.85,0.6329,6.87,0.97,8:40 AM,0.143,False,12:52 AM,Late,True,,,,,,,0,,,False,False,Committed Movers
4020332650,31,2016-04-12,2016-05-12,9,0.29,16,5,False,False,False,5862.0,206.0,0.0,4.2,2975.0,129.0,0.222,0.395,5546.0,5997.0,8539.0,5704.0,16,Evening,Low active,False,Steady,Normal,Falling,Irregular,7,True,Regular,False,0,False,1,6.42,0.9113,5.47,1.18,7:15 AM,0.0,False,11:28 PM,Typical,False,,,,,,,8,59.0,53.0,True,False,Slipping Starters
4057192912,4,2016-04-12,2016-04-15,2,0.065,1,0,True,True,False,5684.0,162.0,0.0,4.25,2296.0,0.0,0.0,0.072,5684.0,,5684.0,,9,No workouts,,,,,,Barely using,0,False,Never,False,0,False,0,,,,,,,False,,,,,,,,,,0,,,False,False,Fading Users
4319703577,31,2016-04-12,2016-05-12,25,0.806,1,4,False,False,False,9129.0,322.5,17.5,6.13,2232.0,134.0,0.24,0.297,9487.0,4839.5,7753.0,9505.5,10,Morning,Somewhat active,False,Weekday-active,Normal,Rising,Consistent,25,True,Consistent,True,0,False,2,8.28,0.948,4.87,0.86,7:41 AM,0.038,False,10:52 PM,Typical,False,27.4,72.35,2.0,1.0,Overweight,False,0,,,False,False,Committed Movers
4388161847,31,2016-04-12,2016-05-12,29,0.935,0,1,False,False,False,10243.0,284.0,36.5,7.89,3069.0,334.0,0.759,0.288,10201.0,11394.0,10151.5,10299.0,6,Morning,Active,True,Weekend-active,Normal,Stable,Consistent,20,True,Consistent,False,0,False,1,7.09,0.95155,4.115,1.42,5:03 AM,0.261,False,10:07 PM,Early,False,,,,,,,28,51.0,21.5,True,False,Committed Movers
4445114986,31,2016-04-12,2016-05-12,30,0.968,0,0,False,False,False,4595.0,226.5,0.0,3.08,2199.5,60.0,0.0,0.369,4503.5,5092.5,3945.0,5232.0,18,Evening,Sedentary,False,Weekend-active,Normal,Rising,Consistent,26,True,Consistent,False,0,False,1,6.61,0.93005,8.239999999999998,1.42,10:03 AM,0.214,False,2:14 AM,Late,False,,,,,,,0,,,False,False,Daily Strollers
4558609924,31,2016-04-12,2016-05-12,28,0.903,0,2,False,False,False,7993.0,323.0,26.5,5.28,2089.5,155.0,0.143,0.305,7891.0,8237.0,7945.0,8064.0,18,Afternoon,Somewhat active,True,Steady,Normal,Stable,Consistent,0,True,Tried,True,0,False,2,,,,,,0.0,True,,,,27.2,69.7,5.0,1.0,Overweight,False,28,63.0,21.5,True,False,Committed Movers
4702921684,31,2016-04-12,2016-05-12,28,0.903,1,1,False,False,False,8908.0,270.5,25.0,7.22,3023.0,242.0,0.286,0.281,8161.0,12857.0,8326.5,9238.5,12,Afternoon,Somewhat active,True,Weekend-active,Normal,Rising,Consistent,27,True,Consistent,False,0,False,1,7.02,0.9588,4.68,0.62,6:03 AM,0.0,False,10:41 PM,Typical,False,,,,,,,0,,,False,False,Committed Movers
5553957443,31,2016-04-12,2016-05-12,29,0.935,0,1,False,False,False,10538.0,263.0,32.0,6.88,1996.0,269.0,0.517,0.54,11603.5,4112.0,11271.0,9769.0,17,Afternoon,Active,True,Weekday-active,Irregular,Falling,Consistent,31,True,Consistent,False,0,False,1,7.22,0.9212,5.08,1.04,6:09 AM,0.194,False,11:05 PM,Typical,False,,,,,,,28,56.0,14.5,True,False,Committed Movers
5577150313,30,2016-04-12,2016-05-11,27,0.871,2,0,False,False,True,8596.0,292.0,105.0,6.42,3501.0,896.0,0.333,0.346,8135.0,12865.5,9172.0,7737.0,6,Morning,Somewhat active,True,Weekend-active,Normal,Falling,Consistent,25,True,Consistent,True,0,False,2,7.18,0.9464,4.15,3.77,5:50 AM,0.077,False,10:09 PM,Early,False,28.0,90.7,1.0,0.0,Overweight,False,26,48.5,109.0,True,False,Committed Movers
6117666160,28,2016-04-12,2016-05-09,20,0.645,5,2,False,False,True,9163.0,391.0,0.0,6.92,2459.5,35.0,0.3,0.41,9567.5,7479.5,10449.0,7336.0,13,Afternoon,Somewhat active,False,Weekday-active,Normal,Falling,Irregular,18,True,Regular,False,0,False,1,8.21,0.94465,5.79,1.35,7:58 AM,0.167,False,11:47 PM,Typical,False,,,,,,,20,62.0,76.0,True,False,On-and-Off Movers
6290855005,29,2016-04-12,2016-05-10,24,0.774,4,0,False,False,True,6552.5,268.0,0.0,4.96,2754.5,46.0,0.0,0.183,6339.0,7706.0,7142.0,6196.5,9,Morning,Low active,False,Weekend-active,Very regular,Falling,Irregular,0,False,Never,False,0,False,0,,,,,,,False,,,,,,,,,,0,,,False,False,Slipping Starters
6775888955,26,2016-04-12,2016-05-07,3,0.097,10,12,True,False,True,5162.0,143.0,38.0,3.7,2507.0,597.0,0.333,0.541,5162.0,,5162.0,,8,Afternoon,,,,,,Barely using,3,True,Tried,False,0,False,1,,,,,,0.0,True,,,,,,,,,,3,,,True,True,Fading Users
6962181067,31,2016-04-12,2016-05-12,30,0.968,0,0,False,False,False,10478.5,301.0,47.0,6.93,2042.5,297.0,0.7,0.383,10733.5,8448.0,10725.0,10320.0,10,Morning,Active,True,Weekday-active,Normal,Stable,Consistent,31,True,Consistent,True,3,True,3,7.37,0.9651,5.48,0.93,7:17 AM,0.0,False,11:29 PM,Typical,False,24.0,61.5,30.0,1.0,Normal,True,30,61.0,65.5,True,False,Committed Movers
7007744171,26,2016-04-12,2016-05-07,23,0.742,1,1,False,False,True,13744.0,375.0,62.0,10.1,2812.0,366.0,0.783,0.346,14352.0,5600.0,13958.0,13541.0,8,Morning,Active,True,Weekday-active,Normal,Stable,Irregular,0,True,Tried,False,12,True,2,,,,,,1.0,True,,,,,,,,,,22,74.0,213.5,True,False,On-and-Off Movers
7086361926,31,2016-04-12,2016-05-12,28,0.903,2,0,False,False,False,10337.5,233.0,66.0,6.94,2741.0,524.0,0.607,0.278,10189.5,11533.5,9753.0,11107.0,13,Evening,Active,True,Weekend-active,Normal,Rising,Consistent,24,True,Consistent,False,0,False,1,7.52,0.9708,5.29,0.93,6:47 AM,0.0,False,11:17 PM,Typical,False,,,,,,,0,,,False,False,Committed Movers
8053475328,31,2016-04-12,2016-05-12,28,0.903,0,2,False,False,False,15465.5,255.5,105.5,12.3,3052.5,726.0,0.964,0.239,15108.0,19769.0,17076.0,14581.0,19,Evening,Active,True,Weekend-active,Very regular,Falling,Consistent,2,True,Tried,False,0,False,1,,,,,,0.333,True,,,,,,,,,,0,,,False,False,Committed Movers
8253242879,19,2016-04-12,2016-04-30,15,0.484,0,3,False,True,False,8053.0,164.0,42.0,6.1,1931.0,247.0,0.2,0.391,6260.0,9269.0,8053.0,8246.0,11,Morning,Somewhat active,True,Weekend-active,Normal,Stable,Barely using,0,False,Never,False,0,False,0,,,,,,,False,,,,,,,,,,0,,,False,False,Fading Users
8378563200,31,2016-04-12,2016-05-12,30,0.968,0,0,False,False,False,8474.5,240.5,80.5,6.72,3639.5,495.0,0.367,0.442,8927.5,4085.5,12386.0,7045.0,8,Morning,Somewhat active,True,Weekday-active,Irregular,Falling,Consistent,31,True,Consistent,False,16,True,2,7.22,0.9245,3.53,1.44,4:24 AM,0.097,False,9:32 PM,Early,False,,,,,,,0,,,False,False,Committed Movers
8583815059,31,2016-04-12,2016-05-12,27,0.871,0,3,False,False,False,8240.0,212.5,38.0,6.43,2810.0,311.0,0.185,0.408,7207.0,8286.0,5445.0,8701.0,15,Afternoon,Somewhat active,True,Weekend-active,Normal,Rising,Consistent,0,False,Never,False,0,False,0,,,,,,,False,,,,,,,,,,0,,,False,False,Committed Movers
8792009665,29,2016-04-12,2016-05-10,16,0.516,9,3,False,False,True,2452.0,127.5,0.0,1.57,2067.0,59.0,0.0,0.679,2421.0,5245.0,2523.5,2352.0,18,Afternoon,Sedentary,False,Weekend-active,Irregular,Stable,Irregular,15,True,Regular,False,0,False,1,7.05,0.962,8.32,0.6,9:39 AM,0.0,False,2:19 AM,Late,False,,,,,,,16,55.0,22.5,True,False,Slipping Starters
8877689391,31,2016-04-12,2016-05-12,30,0.968,0,0,False,False,False,15227.5,311.0,87.0,10.98,3612.5,544.0,0.933,0.351,16765.0,13725.0,16674.0,14055.0,12,Afternoon,Active,True,Weekday-active,Normal,Falling,Consistent,0,False,Never,True,0,False,1,,,,,,,False,,,,25.5,85.3,24.0,0.0,Overweight,True,29,57.0,80.0,True,False,Committed Movers
