user_id,date,wear_status,day_of_week,week_no,is_worn
1503960366,2016-04-12,worn,Tuesday,1,True
1503960366,2016-04-13,worn,Wednesday,1,True
1503960366,2016-04-14,worn,Thursday,1,True
1503960366,2016-04-15,worn,Friday,1,True
1503960366,2016-04-16,worn,Saturday,1,True
1503960366,2016-04-17,worn,Sunday,1,True
1503960366,2016-04-18,worn,Monday,1,True
1503960366,2016-04-19,worn,Tuesday,2,True
1503960366,2016-04-20,worn,Wednesday,2,True
1503960366,2016-04-21,worn,Thursday,2,True
1503960366,2016-04-22,worn,Friday,2,True
1503960366,2016-04-23,worn,Saturday,2,True
1503960366,2016-04-24,worn,Sunday,2,True
1503960366,2016-04-25,worn,Monday,2,True
1503960366,2016-04-26,worn,Tuesday,3,True
1503960366,2016-04-27,worn,Wednesday,3,True
1503960366,2016-04-28,worn,Thursday,3,True
1503960366,2016-04-29,worn,Friday,3,True
1503960366,2016-04-30,worn,Saturday,3,True
1503960366,2016-05-01,worn,Sunday,3,True
1503960366,2016-05-02,worn,Monday,3,True
1503960366,2016-05-03,worn,Tuesday,4,True
1503960366,2016-05-04,worn,Wednesday,4,True
1503960366,2016-05-05,worn,Thursday,4,True
1503960366,2016-05-06,worn,Friday,4,True
1503960366,2016-05-07,worn,Saturday,4,True
1503960366,2016-05-08,worn,Sunday,4,True
1503960366,2016-05-09,worn,Monday,4,True
1503960366,2016-05-10,worn,Tuesday,5,True
1503960366,2016-05-11,worn,Wednesday,5,True
1503960366,2016-05-12,last_day,Thursday,5,False
1624580081,2016-04-12,worn,Tuesday,1,True
1624580081,2016-04-13,worn,Wednesday,1,True
1624580081,2016-04-14,worn,Thursday,1,True
1624580081,2016-04-15,partial,Friday,1,False
1624580081,2016-04-16,worn,Saturday,1,True
1624580081,2016-04-17,worn,Sunday,1,True
1624580081,2016-04-18,worn,Monday,1,True
1624580081,2016-04-19,worn,Tuesday,2,True
1624580081,2016-04-20,worn,Wednesday,2,True
1624580081,2016-04-21,worn,Thursday,2,True
1624580081,2016-04-22,worn,Friday,2,True
1624580081,2016-04-23,worn,Saturday,2,True
1624580081,2016-04-24,worn,Sunday,2,True
1624580081,2016-04-25,worn,Monday,2,True
1624580081,2016-04-26,worn,Tuesday,3,True
1624580081,2016-04-27,worn,Wednesday,3,True
1624580081,2016-04-28,worn,Thursday,3,True
1624580081,2016-04-29,worn,Friday,3,True
1624580081,2016-04-30,worn,Saturday,3,True
1624580081,2016-05-01,worn,Sunday,3,True
1624580081,2016-05-02,worn,Monday,3,True
1624580081,2016-05-03,worn,Tuesday,4,True
1624580081,2016-05-04,worn,Wednesday,4,True
1624580081,2016-05-05,worn,Thursday,4,True
1624580081,2016-05-06,worn,Friday,4,True
1624580081,2016-05-07,worn,Saturday,4,True
1624580081,2016-05-08,worn,Sunday,4,True
1624580081,2016-05-09,worn,Monday,4,True
1624580081,2016-05-10,worn,Tuesday,5,True
1624580081,2016-05-11,worn,Wednesday,5,True
1624580081,2016-05-12,last_day,Thursday,5,False
1644430081,2016-04-12,worn,Tuesday,1,True
1644430081,2016-04-13,worn,Wednesday,1,True
1644430081,2016-04-14,worn,Thursday,1,True
1644430081,2016-04-15,worn,Friday,1,True
1644430081,2016-04-16,worn,Saturday,1,True
1644430081,2016-04-17,worn,Sunday,1,True
1644430081,2016-04-18,worn,Monday,1,True
1644430081,2016-04-19,worn,Tuesday,2,True
1644430081,2016-04-20,worn,Wednesday,2,True
1644430081,2016-04-21,partial,Thursday,2,False
1644430081,2016-04-22,worn,Friday,2,True
1644430081,2016-04-23,worn,Saturday,2,True
1644430081,2016-04-24,worn,Sunday,2,True
1644430081,2016-04-25,worn,Monday,2,True
1644430081,2016-04-26,worn,Tuesday,3,True
1644430081,2016-04-27,worn,Wednesday,3,True
1644430081,2016-04-28,worn,Thursday,3,True
1644430081,2016-04-29,worn,Friday,3,True
1644430081,2016-04-30,worn,Saturday,3,True
1644430081,2016-05-01,partial,Sunday,3,False
1644430081,2016-05-02,worn,Monday,3,True
1644430081,2016-05-03,worn,Tuesday,4,True
1644430081,2016-05-04,partial,Wednesday,4,False
1644430081,2016-05-05,worn,Thursday,4,True
1644430081,2016-05-06,worn,Friday,4,True
1644430081,2016-05-07,worn,Saturday,4,True
1644430081,2016-05-08,worn,Sunday,4,True
1644430081,2016-05-09,worn,Monday,4,True
1644430081,2016-05-10,worn,Tuesday,5,True
1644430081,2016-05-11,last_day,Wednesday,5,False
1644430081,2016-05-12,stopped,Thursday,5,False
1844505072,2016-04-12,worn,Tuesday,1,True
1844505072,2016-04-13,worn,Wednesday,1,True
1844505072,2016-04-14,worn,Thursday,1,True
1844505072,2016-04-15,worn,Friday,1,True
1844505072,2016-04-16,partial,Saturday,1,False
1844505072,2016-04-17,worn,Sunday,1,True
1844505072,2016-04-18,worn,Monday,1,True
1844505072,2016-04-19,partial,Tuesday,2,False
1844505072,2016-04-20,not_worn,Wednesday,2,False
1844505072,2016-04-21,worn,Thursday,2,True
1844505072,2016-04-22,worn,Friday,2,True
1844505072,2016-04-23,partial,Saturday,2,False
1844505072,2016-04-24,not_worn,Sunday,2,False
1844505072,2016-04-25,not_worn,Monday,2,False
1844505072,2016-04-26,not_worn,Tuesday,3,False
1844505072,2016-04-27,not_worn,Wednesday,3,False
1844505072,2016-04-28,worn,Thursday,3,True
1844505072,2016-04-29,worn,Friday,3,True
1844505072,2016-04-30,worn,Saturday,3,True
1844505072,2016-05-01,partial,Sunday,3,False
1844505072,2016-05-02,not_worn,Monday,3,False
1844505072,2016-05-03,worn,Tuesday,4,True
1844505072,2016-05-04,partial,Wednesday,4,False
1844505072,2016-05-05,partial,Thursday,4,False
1844505072,2016-05-06,not_worn,Friday,4,False
1844505072,2016-05-07,not_worn,Saturday,4,False
1844505072,2016-05-08,not_worn,Sunday,4,False
1844505072,2016-05-09,not_worn,Monday,4,False
1844505072,2016-05-10,not_worn,Tuesday,5,False
1844505072,2016-05-11,not_worn,Wednesday,5,False
1844505072,2016-05-12,last_day,Thursday,5,False
1927972279,2016-04-12,worn,Tuesday,1,True
1927972279,2016-04-13,partial,Wednesday,1,False
1927972279,2016-04-14,worn,Thursday,1,True
1927972279,2016-04-15,partial,Friday,1,False
1927972279,2016-04-16,not_worn,Saturday,1,False
1927972279,2016-04-17,not_worn,Sunday,1,False
1927972279,2016-04-18,partial,Monday,1,False
1927972279,2016-04-19,not_worn,Tuesday,2,False
1927972279,2016-04-20,not_worn,Wednesday,2,False
1927972279,2016-04-21,not_worn,Thursday,2,False
1927972279,2016-04-22,partial,Friday,2,False
1927972279,2016-04-23,worn,Saturday,2,True
1927972279,2016-04-24,partial,Sunday,2,False
1927972279,2016-04-25,partial,Monday,2,False
1927972279,2016-04-26,worn,Tuesday,3,True
1927972279,2016-04-27,not_worn,Wednesday,3,False
1927972279,2016-04-28,worn,Thursday,3,True
1927972279,2016-04-29,not_worn,Friday,3,False
1927972279,2016-04-30,not_worn,Saturday,3,False
1927972279,2016-05-01,worn,Sunday,3,True
1927972279,2016-05-02,partial,Monday,3,False
1927972279,2016-05-03,partial,Tuesday,4,False
1927972279,2016-05-04,worn,Wednesday,4,True
1927972279,2016-05-05,not_worn,Thursday,4,False
1927972279,2016-05-06,partial,Friday,4,False
1927972279,2016-05-07,partial,Saturday,4,False
1927972279,2016-05-08,not_worn,Sunday,4,False
1927972279,2016-05-09,not_worn,Monday,4,False
1927972279,2016-05-10,not_worn,Tuesday,5,False
1927972279,2016-05-11,not_worn,Wednesday,5,False
1927972279,2016-05-12,last_day,Thursday,5,False
2022484408,2016-04-12,worn,Tuesday,1,True
2022484408,2016-04-13,worn,Wednesday,1,True
2022484408,2016-04-14,worn,Thursday,1,True
2022484408,2016-04-15,worn,Friday,1,True
2022484408,2016-04-16,partial,Saturday,1,False
2022484408,2016-04-17,worn,Sunday,1,True
2022484408,2016-04-18,worn,Monday,1,True
2022484408,2016-04-19,worn,Tuesday,2,True
2022484408,2016-04-20,worn,Wednesday,2,True
2022484408,2016-04-21,worn,Thursday,2,True
2022484408,2016-04-22,worn,Friday,2,True
2022484408,2016-04-23,worn,Saturday,2,True
2022484408,2016-04-24,worn,Sunday,2,True
2022484408,2016-04-25,worn,Monday,2,True
2022484408,2016-04-26,worn,Tuesday,3,True
2022484408,2016-04-27,worn,Wednesday,3,True
2022484408,2016-04-28,worn,Thursday,3,True
2022484408,2016-04-29,worn,Friday,3,True
2022484408,2016-04-30,worn,Saturday,3,True
2022484408,2016-05-01,worn,Sunday,3,True
2022484408,2016-05-02,worn,Monday,3,True
2022484408,2016-05-03,worn,Tuesday,4,True
2022484408,2016-05-04,worn,Wednesday,4,True
2022484408,2016-05-05,worn,Thursday,4,True
2022484408,2016-05-06,worn,Friday,4,True
2022484408,2016-05-07,partial,Saturday,4,False
2022484408,2016-05-08,partial,Sunday,4,False
2022484408,2016-05-09,worn,Monday,4,True
2022484408,2016-05-10,worn,Tuesday,5,True
2022484408,2016-05-11,worn,Wednesday,5,True
2022484408,2016-05-12,last_day,Thursday,5,False
2026352035,2016-04-12,worn,Tuesday,1,True
2026352035,2016-04-13,worn,Wednesday,1,True
2026352035,2016-04-14,worn,Thursday,1,True
2026352035,2016-04-15,worn,Friday,1,True
2026352035,2016-04-16,worn,Saturday,1,True
2026352035,2016-04-17,partial,Sunday,1,False
2026352035,2016-04-18,worn,Monday,1,True
2026352035,2016-04-19,worn,Tuesday,2,True
2026352035,2016-04-20,worn,Wednesday,2,True
2026352035,2016-04-21,worn,Thursday,2,True
2026352035,2016-04-22,worn,Friday,2,True
2026352035,2016-04-23,worn,Saturday,2,True
2026352035,2016-04-24,worn,Sunday,2,True
2026352035,2016-04-25,worn,Monday,2,True
2026352035,2016-04-26,worn,Tuesday,3,True
2026352035,2016-04-27,worn,Wednesday,3,True
2026352035,2016-04-28,worn,Thursday,3,True
2026352035,2016-04-29,worn,Friday,3,True
2026352035,2016-04-30,worn,Saturday,3,True
2026352035,2016-05-01,worn,Sunday,3,True
2026352035,2016-05-02,worn,Monday,3,True
2026352035,2016-05-03,worn,Tuesday,4,True
2026352035,2016-05-04,worn,Wednesday,4,True
2026352035,2016-05-05,worn,Thursday,4,True
2026352035,2016-05-06,worn,Friday,4,True
2026352035,2016-05-07,worn,Saturday,4,True
2026352035,2016-05-08,worn,Sunday,4,True
2026352035,2016-05-09,worn,Monday,4,True
2026352035,2016-05-10,partial,Tuesday,5,False
2026352035,2016-05-11,worn,Wednesday,5,True
2026352035,2016-05-12,last_day,Thursday,5,False
2320127002,2016-04-12,worn,Tuesday,1,True
2320127002,2016-04-13,worn,Wednesday,1,True
2320127002,2016-04-14,worn,Thursday,1,True
2320127002,2016-04-15,worn,Friday,1,True
2320127002,2016-04-16,worn,Saturday,1,True
2320127002,2016-04-17,worn,Sunday,1,True
2320127002,2016-04-18,worn,Monday,1,True
2320127002,2016-04-19,worn,Tuesday,2,True
2320127002,2016-04-20,worn,Wednesday,2,True
2320127002,2016-04-21,partial,Thursday,2,False
2320127002,2016-04-22,worn,Friday,2,True
2320127002,2016-04-23,worn,Saturday,2,True
2320127002,2016-04-24,worn,Sunday,2,True
2320127002,2016-04-25,worn,Monday,2,True
2320127002,2016-04-26,worn,Tuesday,3,True
2320127002,2016-04-27,partial,Wednesday,3,False
2320127002,2016-04-28,partial,Thursday,3,False
2320127002,2016-04-29,partial,Friday,3,False
2320127002,2016-04-30,worn,Saturday,3,True
2320127002,2016-05-01,partial,Sunday,3,False
2320127002,2016-05-02,partial,Monday,3,False
2320127002,2016-05-03,worn,Tuesday,4,True
2320127002,2016-05-04,partial,Wednesday,4,False
2320127002,2016-05-05,worn,Thursday,4,True
2320127002,2016-05-06,worn,Friday,4,True
2320127002,2016-05-07,worn,Saturday,4,True
2320127002,2016-05-08,worn,Sunday,4,True
2320127002,2016-05-09,worn,Monday,4,True
2320127002,2016-05-10,worn,Tuesday,5,True
2320127002,2016-05-11,worn,Wednesday,5,True
2320127002,2016-05-12,last_day,Thursday,5,False
2347167796,2016-04-12,worn,Tuesday,1,True
2347167796,2016-04-13,worn,Wednesday,1,True
2347167796,2016-04-14,worn,Thursday,1,True
2347167796,2016-04-15,worn,Friday,1,True
2347167796,2016-04-16,worn,Saturday,1,True
2347167796,2016-04-17,worn,Sunday,1,True
2347167796,2016-04-18,worn,Monday,1,True
2347167796,2016-04-19,worn,Tuesday,2,True
2347167796,2016-04-20,worn,Wednesday,2,True
2347167796,2016-04-21,worn,Thursday,2,True
2347167796,2016-04-22,worn,Friday,2,True
2347167796,2016-04-23,worn,Saturday,2,True
2347167796,2016-04-24,worn,Sunday,2,True
2347167796,2016-04-25,worn,Monday,2,True
2347167796,2016-04-26,worn,Tuesday,3,True
2347167796,2016-04-27,worn,Wednesday,3,True
2347167796,2016-04-28,worn,Thursday,3,True
2347167796,2016-04-29,last_day,Friday,3,False
2347167796,2016-04-30,stopped,Saturday,3,False
2347167796,2016-05-01,stopped,Sunday,3,False
2347167796,2016-05-02,stopped,Monday,3,False
2347167796,2016-05-03,stopped,Tuesday,4,False
2347167796,2016-05-04,stopped,Wednesday,4,False
2347167796,2016-05-05,stopped,Thursday,4,False
2347167796,2016-05-06,stopped,Friday,4,False
2347167796,2016-05-07,stopped,Saturday,4,False
2347167796,2016-05-08,stopped,Sunday,4,False
2347167796,2016-05-09,stopped,Monday,4,False
2347167796,2016-05-10,stopped,Tuesday,5,False
2347167796,2016-05-11,stopped,Wednesday,5,False
2347167796,2016-05-12,stopped,Thursday,5,False
2873212765,2016-04-12,worn,Tuesday,1,True
2873212765,2016-04-13,worn,Wednesday,1,True
2873212765,2016-04-14,worn,Thursday,1,True
2873212765,2016-04-15,worn,Friday,1,True
2873212765,2016-04-16,worn,Saturday,1,True
2873212765,2016-04-17,worn,Sunday,1,True
2873212765,2016-04-18,worn,Monday,1,True
2873212765,2016-04-19,worn,Tuesday,2,True
2873212765,2016-04-20,worn,Wednesday,2,True
2873212765,2016-04-21,worn,Thursday,2,True
2873212765,2016-04-22,worn,Friday,2,True
2873212765,2016-04-23,worn,Saturday,2,True
2873212765,2016-04-24,worn,Sunday,2,True
2873212765,2016-04-25,worn,Monday,2,True
2873212765,2016-04-26,worn,Tuesday,3,True
2873212765,2016-04-27,worn,Wednesday,3,True
2873212765,2016-04-28,worn,Thursday,3,True
2873212765,2016-04-29,worn,Friday,3,True
2873212765,2016-04-30,worn,Saturday,3,True
2873212765,2016-05-01,worn,Sunday,3,True
2873212765,2016-05-02,worn,Monday,3,True
2873212765,2016-05-03,worn,Tuesday,4,True
2873212765,2016-05-04,worn,Wednesday,4,True
2873212765,2016-05-05,worn,Thursday,4,True
2873212765,2016-05-06,worn,Friday,4,True
2873212765,2016-05-07,partial,Saturday,4,False
2873212765,2016-05-08,worn,Sunday,4,True
2873212765,2016-05-09,worn,Monday,4,True
2873212765,2016-05-10,worn,Tuesday,5,True
2873212765,2016-05-11,worn,Wednesday,5,True
2873212765,2016-05-12,last_day,Thursday,5,False
3372868164,2016-04-12,worn,Tuesday,1,True
3372868164,2016-04-13,worn,Wednesday,1,True
3372868164,2016-04-14,worn,Thursday,1,True
3372868164,2016-04-15,worn,Friday,1,True
3372868164,2016-04-16,worn,Saturday,1,True
3372868164,2016-04-17,worn,Sunday,1,True
3372868164,2016-04-18,worn,Monday,1,True
3372868164,2016-04-19,worn,Tuesday,2,True
3372868164,2016-04-20,worn,Wednesday,2,True
3372868164,2016-04-21,worn,Thursday,2,True
3372868164,2016-04-22,worn,Friday,2,True
3372868164,2016-04-23,worn,Saturday,2,True
3372868164,2016-04-24,worn,Sunday,2,True
3372868164,2016-04-25,worn,Monday,2,True
3372868164,2016-04-26,worn,Tuesday,3,True
3372868164,2016-04-27,worn,Wednesday,3,True
3372868164,2016-04-28,worn,Thursday,3,True
3372868164,2016-04-29,worn,Friday,3,True
3372868164,2016-04-30,worn,Saturday,3,True
3372868164,2016-05-01,last_day,Sunday,3,False
3372868164,2016-05-02,stopped,Monday,3,False
3372868164,2016-05-03,stopped,Tuesday,4,False
3372868164,2016-05-04,stopped,Wednesday,4,False
3372868164,2016-05-05,stopped,Thursday,4,False
3372868164,2016-05-06,stopped,Friday,4,False
3372868164,2016-05-07,stopped,Saturday,4,False
3372868164,2016-05-08,stopped,Sunday,4,False
3372868164,2016-05-09,stopped,Monday,4,False
3372868164,2016-05-10,stopped,Tuesday,5,False
3372868164,2016-05-11,stopped,Wednesday,5,False
3372868164,2016-05-12,stopped,Thursday,5,False
3977333714,2016-04-12,worn,Tuesday,1,True
3977333714,2016-04-13,worn,Wednesday,1,True
3977333714,2016-04-14,worn,Thursday,1,True
3977333714,2016-04-15,worn,Friday,1,True
3977333714,2016-04-16,worn,Saturday,1,True
3977333714,2016-04-17,worn,Sunday,1,True
3977333714,2016-04-18,worn,Monday,1,True
3977333714,2016-04-19,worn,Tuesday,2,True
3977333714,2016-04-20,worn,Wednesday,2,True
3977333714,2016-04-21,worn,Thursday,2,True
3977333714,2016-04-22,worn,Friday,2,True
3977333714,2016-04-23,worn,Saturday,2,True
3977333714,2016-04-24,worn,Sunday,2,True
3977333714,2016-04-25,worn,Monday,2,True
3977333714,2016-04-26,worn,Tuesday,3,True
3977333714,2016-04-27,worn,Wednesday,3,True
3977333714,2016-04-28,worn,Thursday,3,True
3977333714,2016-04-29,worn,Friday,3,True
3977333714,2016-04-30,worn,Saturday,3,True
3977333714,2016-05-01,worn,Sunday,3,True
3977333714,2016-05-02,worn,Monday,3,True
3977333714,2016-05-03,worn,Tuesday,4,True
3977333714,2016-05-04,worn,Wednesday,4,True
3977333714,2016-05-05,worn,Thursday,4,True
3977333714,2016-05-06,worn,Friday,4,True
3977333714,2016-05-07,worn,Saturday,4,True
3977333714,2016-05-08,worn,Sunday,4,True
3977333714,2016-05-09,worn,Monday,4,True
3977333714,2016-05-10,worn,Tuesday,5,True
3977333714,2016-05-11,last_day,Wednesday,5,False
3977333714,2016-05-12,stopped,Thursday,5,False
4020332650,2016-04-12,worn,Tuesday,1,True
4020332650,2016-04-13,not_worn,Wednesday,1,False
4020332650,2016-04-14,partial,Thursday,1,False
4020332650,2016-04-15,partial,Friday,1,False
4020332650,2016-04-16,partial,Saturday,1,False
4020332650,2016-04-17,not_worn,Sunday,1,False
4020332650,2016-04-18,not_worn,Monday,1,False
4020332650,2016-04-19,not_worn,Tuesday,2,False
4020332650,2016-04-20,not_worn,Wednesday,2,False
4020332650,2016-04-21,not_worn,Thursday,2,False
4020332650,2016-04-22,not_worn,Friday,2,False
4020332650,2016-04-23,not_worn,Saturday,2,False
4020332650,2016-04-24,not_worn,Sunday,2,False
4020332650,2016-04-25,not_worn,Monday,2,False
4020332650,2016-04-26,not_worn,Tuesday,3,False
4020332650,2016-04-27,not_worn,Wednesday,3,False
4020332650,2016-04-28,not_worn,Thursday,3,False
4020332650,2016-04-29,not_worn,Friday,3,False
4020332650,2016-04-30,not_worn,Saturday,3,False
4020332650,2016-05-01,not_worn,Sunday,3,False
4020332650,2016-05-02,partial,Monday,3,False
4020332650,2016-05-03,worn,Tuesday,4,True
4020332650,2016-05-04,worn,Wednesday,4,True
4020332650,2016-05-05,worn,Thursday,4,True
4020332650,2016-05-06,worn,Friday,4,True
4020332650,2016-05-07,worn,Saturday,4,True
4020332650,2016-05-08,worn,Sunday,4,True
4020332650,2016-05-09,worn,Monday,4,True
4020332650,2016-05-10,worn,Tuesday,5,True
4020332650,2016-05-11,partial,Wednesday,5,False
4020332650,2016-05-12,last_day,Thursday,5,False
4057192912,2016-04-12,worn,Tuesday,1,True
4057192912,2016-04-13,worn,Wednesday,1,True
4057192912,2016-04-14,not_worn,Thursday,1,False
4057192912,2016-04-15,last_day,Friday,1,False
4057192912,2016-04-16,stopped,Saturday,1,False
4057192912,2016-04-17,stopped,Sunday,1,False
4057192912,2016-04-18,stopped,Monday,1,False
4057192912,2016-04-19,stopped,Tuesday,2,False
4057192912,2016-04-20,stopped,Wednesday,2,False
4057192912,2016-04-21,stopped,Thursday,2,False
4057192912,2016-04-22,stopped,Friday,2,False
4057192912,2016-04-23,stopped,Saturday,2,False
4057192912,2016-04-24,stopped,Sunday,2,False
4057192912,2016-04-25,stopped,Monday,2,False
4057192912,2016-04-26,stopped,Tuesday,3,False
4057192912,2016-04-27,stopped,Wednesday,3,False
4057192912,2016-04-28,stopped,Thursday,3,False
4057192912,2016-04-29,stopped,Friday,3,False
4057192912,2016-04-30,stopped,Saturday,3,False
4057192912,2016-05-01,stopped,Sunday,3,False
4057192912,2016-05-02,stopped,Monday,3,False
4057192912,2016-05-03,stopped,Tuesday,4,False
4057192912,2016-05-04,stopped,Wednesday,4,False
4057192912,2016-05-05,stopped,Thursday,4,False
4057192912,2016-05-06,stopped,Friday,4,False
4057192912,2016-05-07,stopped,Saturday,4,False
4057192912,2016-05-08,stopped,Sunday,4,False
4057192912,2016-05-09,stopped,Monday,4,False
4057192912,2016-05-10,stopped,Tuesday,5,False
4057192912,2016-05-11,stopped,Wednesday,5,False
4057192912,2016-05-12,stopped,Thursday,5,False
4319703577,2016-04-12,worn,Tuesday,1,True
4319703577,2016-04-13,partial,Wednesday,1,False
4319703577,2016-04-14,worn,Thursday,1,True
4319703577,2016-04-15,worn,Friday,1,True
4319703577,2016-04-16,worn,Saturday,1,True
4319703577,2016-04-17,not_worn,Sunday,1,False
4319703577,2016-04-18,partial,Monday,1,False
4319703577,2016-04-19,worn,Tuesday,2,True
4319703577,2016-04-20,worn,Wednesday,2,True
4319703577,2016-04-21,partial,Thursday,2,False
4319703577,2016-04-22,worn,Friday,2,True
4319703577,2016-04-23,worn,Saturday,2,True
4319703577,2016-04-24,worn,Sunday,2,True
4319703577,2016-04-25,worn,Monday,2,True
4319703577,2016-04-26,worn,Tuesday,3,True
4319703577,2016-04-27,worn,Wednesday,3,True
4319703577,2016-04-28,worn,Thursday,3,True
4319703577,2016-04-29,worn,Friday,3,True
4319703577,2016-04-30,worn,Saturday,3,True
4319703577,2016-05-01,partial,Sunday,3,False
4319703577,2016-05-02,worn,Monday,3,True
4319703577,2016-05-03,worn,Tuesday,4,True
4319703577,2016-05-04,worn,Wednesday,4,True
4319703577,2016-05-05,worn,Thursday,4,True
4319703577,2016-05-06,worn,Friday,4,True
4319703577,2016-05-07,worn,Saturday,4,True
4319703577,2016-05-08,worn,Sunday,4,True
4319703577,2016-05-09,worn,Monday,4,True
4319703577,2016-05-10,worn,Tuesday,5,True
4319703577,2016-05-11,worn,Wednesday,5,True
4319703577,2016-05-12,last_day,Thursday,5,False
4388161847,2016-04-12,worn,Tuesday,1,True
4388161847,2016-04-13,partial,Wednesday,1,False
4388161847,2016-04-14,worn,Thursday,1,True
4388161847,2016-04-15,worn,Friday,1,True
4388161847,2016-04-16,worn,Saturday,1,True
4388161847,2016-04-17,worn,Sunday,1,True
4388161847,2016-04-18,worn,Monday,1,True
4388161847,2016-04-19,worn,Tuesday,2,True
4388161847,2016-04-20,worn,Wednesday,2,True
4388161847,2016-04-21,worn,Thursday,2,True
4388161847,2016-04-22,worn,Friday,2,True
4388161847,2016-04-23,worn,Saturday,2,True
4388161847,2016-04-24,worn,Sunday,2,True
4388161847,2016-04-25,worn,Monday,2,True
4388161847,2016-04-26,worn,Tuesday,3,True
4388161847,2016-04-27,worn,Wednesday,3,True
4388161847,2016-04-28,worn,Thursday,3,True
4388161847,2016-04-29,worn,Friday,3,True
4388161847,2016-04-30,worn,Saturday,3,True
4388161847,2016-05-01,worn,Sunday,3,True
4388161847,2016-05-02,worn,Monday,3,True
4388161847,2016-05-03,worn,Tuesday,4,True
4388161847,2016-05-04,worn,Wednesday,4,True
4388161847,2016-05-05,worn,Thursday,4,True
4388161847,2016-05-06,worn,Friday,4,True
4388161847,2016-05-07,worn,Saturday,4,True
4388161847,2016-05-08,worn,Sunday,4,True
4388161847,2016-05-09,worn,Monday,4,True
4388161847,2016-05-10,worn,Tuesday,5,True
4388161847,2016-05-11,worn,Wednesday,5,True
4388161847,2016-05-12,last_day,Thursday,5,False
4445114986,2016-04-12,worn,Tuesday,1,True
4445114986,2016-04-13,worn,Wednesday,1,True
4445114986,2016-04-14,worn,Thursday,1,True
4445114986,2016-04-15,worn,Friday,1,True
4445114986,2016-04-16,worn,Saturday,1,True
4445114986,2016-04-17,worn,Sunday,1,True
4445114986,2016-04-18,worn,Monday,1,True
4445114986,2016-04-19,worn,Tuesday,2,True
4445114986,2016-04-20,worn,Wednesday,2,True
4445114986,2016-04-21,worn,Thursday,2,True
4445114986,2016-04-22,worn,Friday,2,True
4445114986,2016-04-23,worn,Saturday,2,True
4445114986,2016-04-24,worn,Sunday,2,True
4445114986,2016-04-25,worn,Monday,2,True
4445114986,2016-04-26,worn,Tuesday,3,True
4445114986,2016-04-27,worn,Wednesday,3,True
4445114986,2016-04-28,worn,Thursday,3,True
4445114986,2016-04-29,worn,Friday,3,True
4445114986,2016-04-30,worn,Saturday,3,True
4445114986,2016-05-01,worn,Sunday,3,True
4445114986,2016-05-02,worn,Monday,3,True
4445114986,2016-05-03,worn,Tuesday,4,True
4445114986,2016-05-04,worn,Wednesday,4,True
4445114986,2016-05-05,worn,Thursday,4,True
4445114986,2016-05-06,worn,Friday,4,True
4445114986,2016-05-07,worn,Saturday,4,True
4445114986,2016-05-08,worn,Sunday,4,True
4445114986,2016-05-09,worn,Monday,4,True
4445114986,2016-05-10,worn,Tuesday,5,True
4445114986,2016-05-11,worn,Wednesday,5,True
4445114986,2016-05-12,last_day,Thursday,5,False
4558609924,2016-04-12,worn,Tuesday,1,True
4558609924,2016-04-13,partial,Wednesday,1,False
4558609924,2016-04-14,worn,Thursday,1,True
4558609924,2016-04-15,worn,Friday,1,True
4558609924,2016-04-16,worn,Saturday,1,True
4558609924,2016-04-17,worn,Sunday,1,True
4558609924,2016-04-18,worn,Monday,1,True
4558609924,2016-04-19,worn,Tuesday,2,True
4558609924,2016-04-20,worn,Wednesday,2,True
4558609924,2016-04-21,worn,Thursday,2,True
4558609924,2016-04-22,worn,Friday,2,True
4558609924,2016-04-23,worn,Saturday,2,True
4558609924,2016-04-24,worn,Sunday,2,True
4558609924,2016-04-25,worn,Monday,2,True
4558609924,2016-04-26,worn,Tuesday,3,True
4558609924,2016-04-27,worn,Wednesday,3,True
4558609924,2016-04-28,worn,Thursday,3,True
4558609924,2016-04-29,worn,Friday,3,True
4558609924,2016-04-30,worn,Saturday,3,True
4558609924,2016-05-01,worn,Sunday,3,True
4558609924,2016-05-02,worn,Monday,3,True
4558609924,2016-05-03,worn,Tuesday,4,True
4558609924,2016-05-04,worn,Wednesday,4,True
4558609924,2016-05-05,worn,Thursday,4,True
4558609924,2016-05-06,worn,Friday,4,True
4558609924,2016-05-07,worn,Saturday,4,True
4558609924,2016-05-08,partial,Sunday,4,False
4558609924,2016-05-09,worn,Monday,4,True
4558609924,2016-05-10,worn,Tuesday,5,True
4558609924,2016-05-11,worn,Wednesday,5,True
4558609924,2016-05-12,last_day,Thursday,5,False
4702921684,2016-04-12,worn,Tuesday,1,True
4702921684,2016-04-13,worn,Wednesday,1,True
4702921684,2016-04-14,worn,Thursday,1,True
4702921684,2016-04-15,worn,Friday,1,True
4702921684,2016-04-16,worn,Saturday,1,True
4702921684,2016-04-17,worn,Sunday,1,True
4702921684,2016-04-18,worn,Monday,1,True
4702921684,2016-04-19,worn,Tuesday,2,True
4702921684,2016-04-20,worn,Wednesday,2,True
4702921684,2016-04-21,worn,Thursday,2,True
4702921684,2016-04-22,partial,Friday,2,False
4702921684,2016-04-23,worn,Saturday,2,True
4702921684,2016-04-24,worn,Sunday,2,True
4702921684,2016-04-25,worn,Monday,2,True
4702921684,2016-04-26,worn,Tuesday,3,True
4702921684,2016-04-27,worn,Wednesday,3,True
4702921684,2016-04-28,worn,Thursday,3,True
4702921684,2016-04-29,worn,Friday,3,True
4702921684,2016-04-30,worn,Saturday,3,True
4702921684,2016-05-01,not_worn,Sunday,3,False
4702921684,2016-05-02,worn,Monday,3,True
4702921684,2016-05-03,worn,Tuesday,4,True
4702921684,2016-05-04,worn,Wednesday,4,True
4702921684,2016-05-05,worn,Thursday,4,True
4702921684,2016-05-06,worn,Friday,4,True
4702921684,2016-05-07,worn,Saturday,4,True
4702921684,2016-05-08,worn,Sunday,4,True
4702921684,2016-05-09,worn,Monday,4,True
4702921684,2016-05-10,worn,Tuesday,5,True
4702921684,2016-05-11,worn,Wednesday,5,True
4702921684,2016-05-12,last_day,Thursday,5,False
5553957443,2016-04-12,worn,Tuesday,1,True
5553957443,2016-04-13,worn,Wednesday,1,True
5553957443,2016-04-14,worn,Thursday,1,True
5553957443,2016-04-15,worn,Friday,1,True
5553957443,2016-04-16,worn,Saturday,1,True
5553957443,2016-04-17,partial,Sunday,1,False
5553957443,2016-04-18,worn,Monday,1,True
5553957443,2016-04-19,worn,Tuesday,2,True
5553957443,2016-04-20,worn,Wednesday,2,True
5553957443,2016-04-21,worn,Thursday,2,True
5553957443,2016-04-22,worn,Friday,2,True
5553957443,2016-04-23,worn,Saturday,2,True
5553957443,2016-04-24,worn,Sunday,2,True
5553957443,2016-04-25,worn,Monday,2,True
5553957443,2016-04-26,worn,Tuesday,3,True
5553957443,2016-04-27,worn,Wednesday,3,True
5553957443,2016-04-28,worn,Thursday,3,True
5553957443,2016-04-29,worn,Friday,3,True
5553957443,2016-04-30,worn,Saturday,3,True
5553957443,2016-05-01,worn,Sunday,3,True
5553957443,2016-05-02,worn,Monday,3,True
5553957443,2016-05-03,worn,Tuesday,4,True
5553957443,2016-05-04,worn,Wednesday,4,True
5553957443,2016-05-05,worn,Thursday,4,True
5553957443,2016-05-06,worn,Friday,4,True
5553957443,2016-05-07,worn,Saturday,4,True
5553957443,2016-05-08,worn,Sunday,4,True
5553957443,2016-05-09,worn,Monday,4,True
5553957443,2016-05-10,worn,Tuesday,5,True
5553957443,2016-05-11,worn,Wednesday,5,True
5553957443,2016-05-12,last_day,Thursday,5,False
5577150313,2016-04-12,worn,Tuesday,1,True
5577150313,2016-04-13,worn,Wednesday,1,True
5577150313,2016-04-14,worn,Thursday,1,True
5577150313,2016-04-15,worn,Friday,1,True
5577150313,2016-04-16,worn,Saturday,1,True
5577150313,2016-04-17,worn,Sunday,1,True
5577150313,2016-04-18,worn,Monday,1,True
5577150313,2016-04-19,worn,Tuesday,2,True
5577150313,2016-04-20,worn,Wednesday,2,True
5577150313,2016-04-21,worn,Thursday,2,True
5577150313,2016-04-22,worn,Friday,2,True
5577150313,2016-04-23,worn,Saturday,2,True
5577150313,2016-04-24,worn,Sunday,2,True
5577150313,2016-04-25,worn,Monday,2,True
5577150313,2016-04-26,worn,Tuesday,3,True
5577150313,2016-04-27,worn,Wednesday,3,True
5577150313,2016-04-28,worn,Thursday,3,True
5577150313,2016-04-29,worn,Friday,3,True
5577150313,2016-04-30,worn,Saturday,3,True
5577150313,2016-05-01,worn,Sunday,3,True
5577150313,2016-05-02,worn,Monday,3,True
5577150313,2016-05-03,worn,Tuesday,4,True
5577150313,2016-05-04,worn,Wednesday,4,True
5577150313,2016-05-05,worn,Thursday,4,True
5577150313,2016-05-06,worn,Friday,4,True
5577150313,2016-05-07,not_worn,Saturday,4,False
5577150313,2016-05-08,not_worn,Sunday,4,False
5577150313,2016-05-09,worn,Monday,4,True
5577150313,2016-05-10,worn,Tuesday,5,True
5577150313,2016-05-11,last_day,Wednesday,5,False
5577150313,2016-05-12,stopped,Thursday,5,False
6117666160,2016-04-12,not_worn,Tuesday,1,False
6117666160,2016-04-13,not_worn,Wednesday,1,False
6117666160,2016-04-14,not_worn,Thursday,1,False
6117666160,2016-04-15,worn,Friday,1,True
6117666160,2016-04-16,worn,Saturday,1,True
6117666160,2016-04-17,worn,Sunday,1,True
6117666160,2016-04-18,worn,Monday,1,True
6117666160,2016-04-19,worn,Tuesday,2,True
6117666160,2016-04-20,worn,Wednesday,2,True
6117666160,2016-04-21,worn,Thursday,2,True
6117666160,2016-04-22,worn,Friday,2,True
6117666160,2016-04-23,worn,Saturday,2,True
6117666160,2016-04-24,worn,Sunday,2,True
6117666160,2016-04-25,not_worn,Monday,2,False
6117666160,2016-04-26,worn,Tuesday,3,True
6117666160,2016-04-27,worn,Wednesday,3,True
6117666160,2016-04-28,worn,Thursday,3,True
6117666160,2016-04-29,worn,Friday,3,True
6117666160,2016-04-30,worn,Saturday,3,True
6117666160,2016-05-01,worn,Sunday,3,True
6117666160,2016-05-02,partial,Monday,3,False
6117666160,2016-05-03,not_worn,Tuesday,4,False
6117666160,2016-05-04,partial,Wednesday,4,False
6117666160,2016-05-05,worn,Thursday,4,True
6117666160,2016-05-06,worn,Friday,4,True
6117666160,2016-05-07,worn,Saturday,4,True
6117666160,2016-05-08,worn,Sunday,4,True
6117666160,2016-05-09,last_day,Monday,4,False
6117666160,2016-05-10,stopped,Tuesday,5,False
6117666160,2016-05-11,stopped,Wednesday,5,False
6117666160,2016-05-12,stopped,Thursday,5,False
6290855005,2016-04-12,worn,Tuesday,1,True
6290855005,2016-04-13,worn,Wednesday,1,True
6290855005,2016-04-14,worn,Thursday,1,True
6290855005,2016-04-15,worn,Friday,1,True
6290855005,2016-04-16,worn,Saturday,1,True
6290855005,2016-04-17,worn,Sunday,1,True
6290855005,2016-04-18,worn,Monday,1,True
6290855005,2016-04-19,worn,Tuesday,2,True
6290855005,2016-04-20,worn,Wednesday,2,True
6290855005,2016-04-21,not_worn,Thursday,2,False
6290855005,2016-04-22,worn,Friday,2,True
6290855005,2016-04-23,not_worn,Saturday,2,False
6290855005,2016-04-24,worn,Sunday,2,True
6290855005,2016-04-25,worn,Monday,2,True
6290855005,2016-04-26,not_worn,Tuesday,3,False
6290855005,2016-04-27,worn,Wednesday,3,True
6290855005,2016-04-28,worn,Thursday,3,True
6290855005,2016-04-29,not_worn,Friday,3,False
6290855005,2016-04-30,worn,Saturday,3,True
6290855005,2016-05-01,worn,Sunday,3,True
6290855005,2016-05-02,worn,Monday,3,True
6290855005,2016-05-03,worn,Tuesday,4,True
6290855005,2016-05-04,worn,Wednesday,4,True
6290855005,2016-05-05,worn,Thursday,4,True
6290855005,2016-05-06,worn,Friday,4,True
6290855005,2016-05-07,worn,Saturday,4,True
6290855005,2016-05-08,worn,Sunday,4,True
6290855005,2016-05-09,worn,Monday,4,True
6290855005,2016-05-10,last_day,Tuesday,5,False
6290855005,2016-05-11,stopped,Wednesday,5,False
6290855005,2016-05-12,stopped,Thursday,5,False
6775888955,2016-04-12,not_worn,Tuesday,1,False
6775888955,2016-04-13,worn,Wednesday,1,True
6775888955,2016-04-14,worn,Thursday,1,True
6775888955,2016-04-15,partial,Friday,1,False
6775888955,2016-04-16,partial,Saturday,1,False
6775888955,2016-04-17,partial,Sunday,1,False
6775888955,2016-04-18,partial,Monday,1,False
6775888955,2016-04-19,not_worn,Tuesday,2,False
6775888955,2016-04-20,worn,Wednesday,2,True
6775888955,2016-04-21,not_worn,Thursday,2,False
6775888955,2016-04-22,partial,Friday,2,False
6775888955,2016-04-23,not_worn,Saturday,2,False
6775888955,2016-04-24,partial,Sunday,2,False
6775888955,2016-04-25,partial,Monday,2,False
6775888955,2016-04-26,partial,Tuesday,3,False
6775888955,2016-04-27,not_worn,Wednesday,3,False
6775888955,2016-04-28,partial,Thursday,3,False
6775888955,2016-04-29,not_worn,Friday,3,False
6775888955,2016-04-30,partial,Saturday,3,False
6775888955,2016-05-01,partial,Sunday,3,False
6775888955,2016-05-02,not_worn,Monday,3,False
6775888955,2016-05-03,not_worn,Tuesday,4,False
6775888955,2016-05-04,not_worn,Wednesday,4,False
6775888955,2016-05-05,not_worn,Thursday,4,False
6775888955,2016-05-06,partial,Friday,4,False
6775888955,2016-05-07,last_day,Saturday,4,False
6775888955,2016-05-08,stopped,Sunday,4,False
6775888955,2016-05-09,stopped,Monday,4,False
6775888955,2016-05-10,stopped,Tuesday,5,False
6775888955,2016-05-11,stopped,Wednesday,5,False
6775888955,2016-05-12,stopped,Thursday,5,False
6962181067,2016-04-12,worn,Tuesday,1,True
6962181067,2016-04-13,worn,Wednesday,1,True
6962181067,2016-04-14,worn,Thursday,1,True
6962181067,2016-04-15,worn,Friday,1,True
6962181067,2016-04-16,worn,Saturday,1,True
6962181067,2016-04-17,worn,Sunday,1,True
6962181067,2016-04-18,worn,Monday,1,True
6962181067,2016-04-19,worn,Tuesday,2,True
6962181067,2016-04-20,worn,Wednesday,2,True
6962181067,2016-04-21,worn,Thursday,2,True
6962181067,2016-04-22,worn,Friday,2,True
6962181067,2016-04-23,worn,Saturday,2,True
6962181067,2016-04-24,worn,Sunday,2,True
6962181067,2016-04-25,worn,Monday,2,True
6962181067,2016-04-26,worn,Tuesday,3,True
6962181067,2016-04-27,worn,Wednesday,3,True
6962181067,2016-04-28,worn,Thursday,3,True
6962181067,2016-04-29,worn,Friday,3,True
6962181067,2016-04-30,worn,Saturday,3,True
6962181067,2016-05-01,worn,Sunday,3,True
6962181067,2016-05-02,worn,Monday,3,True
6962181067,2016-05-03,worn,Tuesday,4,True
6962181067,2016-05-04,worn,Wednesday,4,True
6962181067,2016-05-05,worn,Thursday,4,True
6962181067,2016-05-06,worn,Friday,4,True
6962181067,2016-05-07,worn,Saturday,4,True
6962181067,2016-05-08,worn,Sunday,4,True
6962181067,2016-05-09,worn,Monday,4,True
6962181067,2016-05-10,worn,Tuesday,5,True
6962181067,2016-05-11,worn,Wednesday,5,True
6962181067,2016-05-12,last_day,Thursday,5,False
7007744171,2016-04-12,worn,Tuesday,1,True
7007744171,2016-04-13,worn,Wednesday,1,True
7007744171,2016-04-14,worn,Thursday,1,True
7007744171,2016-04-15,worn,Friday,1,True
7007744171,2016-04-16,worn,Saturday,1,True
7007744171,2016-04-17,worn,Sunday,1,True
7007744171,2016-04-18,worn,Monday,1,True
7007744171,2016-04-19,worn,Tuesday,2,True
7007744171,2016-04-20,worn,Wednesday,2,True
7007744171,2016-04-21,worn,Thursday,2,True
7007744171,2016-04-22,worn,Friday,2,True
7007744171,2016-04-23,partial,Saturday,2,False
7007744171,2016-04-24,worn,Sunday,2,True
7007744171,2016-04-25,worn,Monday,2,True
7007744171,2016-04-26,worn,Tuesday,3,True
7007744171,2016-04-27,worn,Wednesday,3,True
7007744171,2016-04-28,worn,Thursday,3,True
7007744171,2016-04-29,worn,Friday,3,True
7007744171,2016-04-30,worn,Saturday,3,True
7007744171,2016-05-01,worn,Sunday,3,True
7007744171,2016-05-02,worn,Monday,3,True
7007744171,2016-05-03,worn,Tuesday,4,True
7007744171,2016-05-04,not_worn,Wednesday,4,False
7007744171,2016-05-05,worn,Thursday,4,True
7007744171,2016-05-06,worn,Friday,4,True
7007744171,2016-05-07,last_day,Saturday,4,False
7007744171,2016-05-08,stopped,Sunday,4,False
7007744171,2016-05-09,stopped,Monday,4,False
7007744171,2016-05-10,stopped,Tuesday,5,False
7007744171,2016-05-11,stopped,Wednesday,5,False
7007744171,2016-05-12,stopped,Thursday,5,False
7086361926,2016-04-12,worn,Tuesday,1,True
7086361926,2016-04-13,worn,Wednesday,1,True
7086361926,2016-04-14,worn,Thursday,1,True
7086361926,2016-04-15,worn,Friday,1,True
7086361926,2016-04-16,not_worn,Saturday,1,False
7086361926,2016-04-17,not_worn,Sunday,1,False
7086361926,2016-04-18,worn,Monday,1,True
7086361926,2016-04-19,worn,Tuesday,2,True
7086361926,2016-04-20,worn,Wednesday,2,True
7086361926,2016-04-21,worn,Thursday,2,True
7086361926,2016-04-22,worn,Friday,2,True
7086361926,2016-04-23,worn,Saturday,2,True
7086361926,2016-04-24,worn,Sunday,2,True
7086361926,2016-04-25,worn,Monday,2,True
7086361926,2016-04-26,worn,Tuesday,3,True
7086361926,2016-04-27,worn,Wednesday,3,True
7086361926,2016-04-28,worn,Thursday,3,True
7086361926,2016-04-29,worn,Friday,3,True
7086361926,2016-04-30,worn,Saturday,3,True
7086361926,2016-05-01,worn,Sunday,3,True
7086361926,2016-05-02,worn,Monday,3,True
7086361926,2016-05-03,worn,Tuesday,4,True
7086361926,2016-05-04,worn,Wednesday,4,True
7086361926,2016-05-05,worn,Thursday,4,True
7086361926,2016-05-06,worn,Friday,4,True
7086361926,2016-05-07,worn,Saturday,4,True
7086361926,2016-05-08,worn,Sunday,4,True
7086361926,2016-05-09,worn,Monday,4,True
7086361926,2016-05-10,worn,Tuesday,5,True
7086361926,2016-05-11,worn,Wednesday,5,True
7086361926,2016-05-12,last_day,Thursday,5,False
8053475328,2016-04-12,worn,Tuesday,1,True
8053475328,2016-04-13,worn,Wednesday,1,True
8053475328,2016-04-14,worn,Thursday,1,True
8053475328,2016-04-15,worn,Friday,1,True
8053475328,2016-04-16,worn,Saturday,1,True
8053475328,2016-04-17,worn,Sunday,1,True
8053475328,2016-04-18,worn,Monday,1,True
8053475328,2016-04-19,worn,Tuesday,2,True
8053475328,2016-04-20,worn,Wednesday,2,True
8053475328,2016-04-21,worn,Thursday,2,True
8053475328,2016-04-22,worn,Friday,2,True
8053475328,2016-04-23,worn,Saturday,2,True
8053475328,2016-04-24,worn,Sunday,2,True
8053475328,2016-04-25,worn,Monday,2,True
8053475328,2016-04-26,worn,Tuesday,3,True
8053475328,2016-04-27,worn,Wednesday,3,True
8053475328,2016-04-28,worn,Thursday,3,True
8053475328,2016-04-29,worn,Friday,3,True
8053475328,2016-04-30,worn,Saturday,3,True
8053475328,2016-05-01,partial,Sunday,3,False
8053475328,2016-05-02,partial,Monday,3,False
8053475328,2016-05-03,worn,Tuesday,4,True
8053475328,2016-05-04,worn,Wednesday,4,True
8053475328,2016-05-05,worn,Thursday,4,True
8053475328,2016-05-06,worn,Friday,4,True
8053475328,2016-05-07,worn,Saturday,4,True
8053475328,2016-05-08,worn,Sunday,4,True
8053475328,2016-05-09,worn,Monday,4,True
8053475328,2016-05-10,worn,Tuesday,5,True
8053475328,2016-05-11,worn,Wednesday,5,True
8053475328,2016-05-12,last_day,Thursday,5,False
8253242879,2016-04-12,worn,Tuesday,1,True
8253242879,2016-04-13,worn,Wednesday,1,True
8253242879,2016-04-14,partial,Thursday,1,False
8253242879,2016-04-15,worn,Friday,1,True
8253242879,2016-04-16,worn,Saturday,1,True
8253242879,2016-04-17,worn,Sunday,1,True
8253242879,2016-04-18,worn,Monday,1,True
8253242879,2016-04-19,worn,Tuesday,2,True
8253242879,2016-04-20,worn,Wednesday,2,True
8253242879,2016-04-21,worn,Thursday,2,True
8253242879,2016-04-22,worn,Friday,2,True
8253242879,2016-04-23,worn,Saturday,2,True
8253242879,2016-04-24,worn,Sunday,2,True
8253242879,2016-04-25,partial,Monday,2,False
8253242879,2016-04-26,worn,Tuesday,3,True
8253242879,2016-04-27,worn,Wednesday,3,True
8253242879,2016-04-28,partial,Thursday,3,False
8253242879,2016-04-29,worn,Friday,3,True
8253242879,2016-04-30,last_day,Saturday,3,False
8253242879,2016-05-01,stopped,Sunday,3,False
8253242879,2016-05-02,stopped,Monday,3,False
8253242879,2016-05-03,stopped,Tuesday,4,False
8253242879,2016-05-04,stopped,Wednesday,4,False
8253242879,2016-05-05,stopped,Thursday,4,False
8253242879,2016-05-06,stopped,Friday,4,False
8253242879,2016-05-07,stopped,Saturday,4,False
8253242879,2016-05-08,stopped,Sunday,4,False
8253242879,2016-05-09,stopped,Monday,4,False
8253242879,2016-05-10,stopped,Tuesday,5,False
8253242879,2016-05-11,stopped,Wednesday,5,False
8253242879,2016-05-12,stopped,Thursday,5,False
8378563200,2016-04-12,worn,Tuesday,1,True
8378563200,2016-04-13,worn,Wednesday,1,True
8378563200,2016-04-14,worn,Thursday,1,True
8378563200,2016-04-15,worn,Friday,1,True
8378563200,2016-04-16,worn,Saturday,1,True
8378563200,2016-04-17,worn,Sunday,1,True
8378563200,2016-04-18,worn,Monday,1,True
8378563200,2016-04-19,worn,Tuesday,2,True
8378563200,2016-04-20,worn,Wednesday,2,True
8378563200,2016-04-21,worn,Thursday,2,True
8378563200,2016-04-22,worn,Friday,2,True
8378563200,2016-04-23,worn,Saturday,2,True
8378563200,2016-04-24,worn,Sunday,2,True
8378563200,2016-04-25,worn,Monday,2,True
8378563200,2016-04-26,worn,Tuesday,3,True
8378563200,2016-04-27,worn,Wednesday,3,True
8378563200,2016-04-28,worn,Thursday,3,True
8378563200,2016-04-29,worn,Friday,3,True
8378563200,2016-04-30,worn,Saturday,3,True
8378563200,2016-05-01,worn,Sunday,3,True
8378563200,2016-05-02,worn,Monday,3,True
8378563200,2016-05-03,worn,Tuesday,4,True
8378563200,2016-05-04,worn,Wednesday,4,True
8378563200,2016-05-05,worn,Thursday,4,True
8378563200,2016-05-06,worn,Friday,4,True
8378563200,2016-05-07,worn,Saturday,4,True
8378563200,2016-05-08,worn,Sunday,4,True
8378563200,2016-05-09,worn,Monday,4,True
8378563200,2016-05-10,worn,Tuesday,5,True
8378563200,2016-05-11,worn,Wednesday,5,True
8378563200,2016-05-12,last_day,Thursday,5,False
8583815059,2016-04-12,worn,Tuesday,1,True
8583815059,2016-04-13,worn,Wednesday,1,True
8583815059,2016-04-14,worn,Thursday,1,True
8583815059,2016-04-15,partial,Friday,1,False
8583815059,2016-04-16,worn,Saturday,1,True
8583815059,2016-04-17,worn,Sunday,1,True
8583815059,2016-04-18,worn,Monday,1,True
8583815059,2016-04-19,worn,Tuesday,2,True
8583815059,2016-04-20,worn,Wednesday,2,True
8583815059,2016-04-21,worn,Thursday,2,True
8583815059,2016-04-22,worn,Friday,2,True
8583815059,2016-04-23,worn,Saturday,2,True
8583815059,2016-04-24,worn,Sunday,2,True
8583815059,2016-04-25,worn,Monday,2,True
8583815059,2016-04-26,worn,Tuesday,3,True
8583815059,2016-04-27,worn,Wednesday,3,True
8583815059,2016-04-28,worn,Thursday,3,True
8583815059,2016-04-29,worn,Friday,3,True
8583815059,2016-04-30,worn,Saturday,3,True
8583815059,2016-05-01,partial,Sunday,3,False
8583815059,2016-05-02,worn,Monday,3,True
8583815059,2016-05-03,worn,Tuesday,4,True
8583815059,2016-05-04,worn,Wednesday,4,True
8583815059,2016-05-05,partial,Thursday,4,False
8583815059,2016-05-06,worn,Friday,4,True
8583815059,2016-05-07,worn,Saturday,4,True
8583815059,2016-05-08,worn,Sunday,4,True
8583815059,2016-05-09,worn,Monday,4,True
8583815059,2016-05-10,worn,Tuesday,5,True
8583815059,2016-05-11,worn,Wednesday,5,True
8583815059,2016-05-12,last_day,Thursday,5,False
8792009665,2016-04-12,worn,Tuesday,1,True
8792009665,2016-04-13,worn,Wednesday,1,True
8792009665,2016-04-14,worn,Thursday,1,True
8792009665,2016-04-15,worn,Friday,1,True
8792009665,2016-04-16,partial,Saturday,1,False
8792009665,2016-04-17,not_worn,Sunday,1,False
8792009665,2016-04-18,not_worn,Monday,1,False
8792009665,2016-04-19,not_worn,Tuesday,2,False
8792009665,2016-04-20,worn,Wednesday,2,True
8792009665,2016-04-21,partial,Thursday,2,False
8792009665,2016-04-22,worn,Friday,2,True
8792009665,2016-04-23,worn,Saturday,2,True
8792009665,2016-04-24,partial,Sunday,2,False
8792009665,2016-04-25,not_worn,Monday,2,False
8792009665,2016-04-26,worn,Tuesday,3,True
8792009665,2016-04-27,worn,Wednesday,3,True
8792009665,2016-04-28,worn,Thursday,3,True
8792009665,2016-04-29,worn,Friday,3,True
8792009665,2016-04-30,worn,Saturday,3,True
8792009665,2016-05-01,worn,Sunday,3,True
8792009665,2016-05-02,worn,Monday,3,True
8792009665,2016-05-03,worn,Tuesday,4,True
8792009665,2016-05-04,worn,Wednesday,4,True
8792009665,2016-05-05,not_worn,Thursday,4,False
8792009665,2016-05-06,not_worn,Friday,4,False
8792009665,2016-05-07,not_worn,Saturday,4,False
8792009665,2016-05-08,not_worn,Sunday,4,False
8792009665,2016-05-09,not_worn,Monday,4,False
8792009665,2016-05-10,last_day,Tuesday,5,False
8792009665,2016-05-11,stopped,Wednesday,5,False
8792009665,2016-05-12,stopped,Thursday,5,False
8877689391,2016-04-12,worn,Tuesday,1,True
8877689391,2016-04-13,worn,Wednesday,1,True
8877689391,2016-04-14,worn,Thursday,1,True
8877689391,2016-04-15,worn,Friday,1,True
8877689391,2016-04-16,worn,Saturday,1,True
8877689391,2016-04-17,worn,Sunday,1,True
8877689391,2016-04-18,worn,Monday,1,True
8877689391,2016-04-19,worn,Tuesday,2,True
8877689391,2016-04-20,worn,Wednesday,2,True
8877689391,2016-04-21,worn,Thursday,2,True
8877689391,2016-04-22,worn,Friday,2,True
8877689391,2016-04-23,worn,Saturday,2,True
8877689391,2016-04-24,worn,Sunday,2,True
8877689391,2016-04-25,worn,Monday,2,True
8877689391,2016-04-26,worn,Tuesday,3,True
8877689391,2016-04-27,worn,Wednesday,3,True
8877689391,2016-04-28,worn,Thursday,3,True
8877689391,2016-04-29,worn,Friday,3,True
8877689391,2016-04-30,worn,Saturday,3,True
8877689391,2016-05-01,worn,Sunday,3,True
8877689391,2016-05-02,worn,Monday,3,True
8877689391,2016-05-03,worn,Tuesday,4,True
8877689391,2016-05-04,worn,Wednesday,4,True
8877689391,2016-05-05,worn,Thursday,4,True
8877689391,2016-05-06,worn,Friday,4,True
8877689391,2016-05-07,worn,Saturday,4,True
8877689391,2016-05-08,worn,Sunday,4,True
8877689391,2016-05-09,worn,Monday,4,True
8877689391,2016-05-10,worn,Tuesday,5,True
8877689391,2016-05-11,worn,Wednesday,5,True
8877689391,2016-05-12,last_day,Thursday,5,False
