user_id,date,weight_kg,bmi,bmi_category,is_manual
1503960366,2016-05-02,52.6,22.6,Normal,True
1503960366,2016-05-03,52.6,22.6,Normal,True
1927972279,2016-04-13,133.5,47.5,Obese,False
2873212765,2016-04-21,56.7,21.5,Normal,True
2873212765,2016-05-12,57.3,21.7,Normal,True
4319703577,2016-04-17,72.4,27.5,Overweight,True
4319703577,2016-05-04,72.3,27.4,Overweight,True
4558609924,2016-04-18,69.7,27.2,Overweight,True
4558609924,2016-04-25,70.3,27.5,Overweight,True
4558609924,2016-05-01,69.9,27.3,Overweight,True
4558609924,2016-05-02,69.2,27.0,Overweight,True
4558609924,2016-05-09,69.1,27.0,Overweight,True
5577150313,2016-04-17,90.7,28.0,Overweight,False
6962181067,2016-04-12,62.5,24.4,Normal,True
6962181067,2016-04-13,62.1,24.2,Normal,True
6962181067,2016-04-14,61.7,24.1,Normal,True
6962181067,2016-04-15,61.5,24.0,Normal,True
6962181067,2016-04-16,62.0,24.2,Normal,True
6962181067,2016-04-17,61.4,24.0,Normal,True
6962181067,2016-04-18,61.2,23.9,Normal,True
6962181067,2016-04-19,61.4,24.0,Normal,True
6962181067,2016-04-20,61.7,24.1,Normal,True
6962181067,2016-04-21,61.4,24.0,Normal,True
6962181067,2016-04-22,61.4,24.0,Normal,True
6962181067,2016-04-23,61.5,24.0,Normal,True
6962181067,2016-04-24,61.5,24.0,Normal,True
6962181067,2016-04-25,61.7,24.1,Normal,True
6962181067,2016-04-27,61.2,23.9,Normal,True
6962181067,2016-04-28,61.2,23.9,Normal,True
6962181067,2016-04-29,61.4,24.0,Normal,True
6962181067,2016-04-30,61.0,23.8,Normal,True
6962181067,2016-05-01,61.7,24.1,Normal,True
6962181067,2016-05-02,61.5,24.0,Normal,True
6962181067,2016-05-03,61.0,23.8,Normal,True
6962181067,2016-05-04,61.1,23.9,Normal,True
6962181067,2016-05-05,61.3,23.9,Normal,True
6962181067,2016-05-06,61.5,24.0,Normal,True
6962181067,2016-05-07,61.2,23.9,Normal,True
6962181067,2016-05-08,61.2,23.9,Normal,True
6962181067,2016-05-09,62.4,24.4,Normal,True
6962181067,2016-05-10,62.1,24.2,Normal,True
6962181067,2016-05-11,61.9,24.2,Normal,True
6962181067,2016-05-12,61.9,24.2,Normal,True
8877689391,2016-04-12,85.8,25.7,Overweight,False
8877689391,2016-04-13,84.9,25.4,Overweight,False
8877689391,2016-04-14,84.5,25.3,Overweight,False
8877689391,2016-04-16,85.5,25.6,Overweight,False
8877689391,2016-04-18,85.8,25.7,Overweight,False
8877689391,2016-04-19,85.3,25.5,Overweight,False
8877689391,2016-04-20,84.9,25.4,Overweight,False
8877689391,2016-04-21,84.5,25.3,Overweight,False
8877689391,2016-04-23,85.5,25.6,Overweight,False
8877689391,2016-04-24,85.5,25.6,Overweight,False
8877689391,2016-04-25,85.4,25.6,Overweight,False
8877689391,2016-04-26,85.1,25.5,Overweight,False
8877689391,2016-04-27,85.4,25.6,Overweight,False
8877689391,2016-04-28,85.1,25.5,Overweight,False
8877689391,2016-04-29,84.9,25.4,Overweight,False
8877689391,2016-04-30,85.5,25.6,Overweight,False
8877689391,2016-05-01,85.3,25.5,Overweight,False
8877689391,2016-05-03,84.9,25.4,Overweight,False
8877689391,2016-05-04,84.4,25.3,Overweight,False
8877689391,2016-05-06,85.0,25.4,Overweight,False
8877689391,2016-05-08,85.4,25.6,Overweight,False
8877689391,2016-05-09,85.5,25.6,Overweight,False
8877689391,2016-05-11,85.4,25.6,Overweight,False
8877689391,2016-05-12,84.0,25.1,Overweight,False
